EE4C96A5,1
1CA21810,1
FAC92759,1
EBB04B08,1
9A63B616,1
75557A05,1
14402040,1
2FC732FF,1
DD8DEE85,1
7B447102,1
4A441262,1
9948FF31,1
81D22187,1
58D18900,1
465016C8,1
367925F9,1
E86DD3BB,1
EC3D0534,1
42C52456,1
AE8EB99C,1
545A5094,1
3ACF9C3A,1
A4174AA0,1
874BCD75,1
7D67C0BA,1
B35EE53A,1
E89490BC,1
3C47F9E9,1
789218A9,1
6629E2E3,1
76DAC4CD,1
C62407B7,1
CECF994E,1
02161206,1
09CD4333,1
94E2249B,1
34D62FFD,1
8783748B,1
2CC858C1,1
D50A3222,1
4AFBC11F,1
F7D869CD,1
B08330F5,1
E472173D,1
D8508E15,1
256BEBE3,1
B6B7BFEB,1
07BCC02E,1
F40C4F83,1
412939F7,1
760A9B61,1
4F940485,1
2E2686CA,1
8504E87E,1
19513A22,1
10662780,1
E109A700,1
CE442247,1
9578FB78,1
1A869D1D,1
000A2938,1
44B43080,1
9BD1B8F3,1
DAD1D7FE,1
9DC1809C,1
D50A5A09,1
ACE1490F,1
280CAD6F,1
A80A1295,1
05BB3B00,1
ECC80079,1
D80506B8,1
51E86FEF,1
F2480C7F,1
2F55DCD0,1
E2A7B905,1
2E45C412,1
83B004B3,1
7F848052,1
4CE8C467,1
E69868D4,1
02528FB5,1
D652663F,1
E1A80AA4,1
7338D85C,1
594DDB69,1
84137387,1
DB44D0EF,1
737400E4,1
070BB9D6,1
26DCEF13,1
7D8549D9,1
C1C27F33,1
65880A7E,1
32D6B74A,1
280C0FC2,1
BAC66BA2,1
7E3FB5E2,1
8A6ACA31,1
BA39EC93,1
2DC1F797,1
85845866,1
935B3DB5,1
00AAADC8,1
AC27376C,1
5F5716EF,1
25E67466,1
453E0917,1
0A861312,1
FF65DFF1,1
47C50F47,1
D3180568,1
90C47D83,1
CC463A66,1
E1EADE3E,1
6694456E,1
61EC581D,1
8632F922,1
0D49D591,1
4C41AA3A,1
AAB23F34,1
28BBBD39,1
FC3D774C,1
022067A1,1
B876DA70,1
E9A9B74A,1
BDCE7A42,1
D4524107,1
BD2E2824,1
BB7779BB,1
EA4F798C,1
BAF6BEFD,1
DBD2B2B2,1
2E35FBE7,1
725822AD,1
60344BCC,1
A828D5D1,1
B4E4B255,1
B0BEE1BB,1
CC25DD03,1
C5C511E5,1
191C3025,1
17BC5A95,1
D9F5A92A,1
E1254E78,1
CBB11B8B,1
C22D67CC,1
E2684048,1
9B493534,1
3B933C47,1
B71DEAB8,1
6F6B320F,1
E2EF05F5,1
C2640C16,1
A164A355,1
997D8F27,1
9337F723,1
F9454AEF,1
3FAC1203,1
ED9EDE79,1
A01ABE8E,1
4E2D7772,1
CAFA8CB5,1
06621169,1
BADBD3F1,1
A9EA9331,1
94AB0149,1
EE53EBEC,1
DD489FF4,1
AF8C5C94,1
E8EF8EC7,1
AB226E20,1
F3F55CA2,1
BF01B039,1
992F0C64,1
09987737,1
A8E200CC,1
4A4CAC79,1
17CD1D16,1
2606BA06,1
9EA9EB48,1
73565E60,1
40831488,1
914466E9,1
5B5692BC,1
0FB66771,1
E94E8F68,1
64FD116B,1
9367646E,1
16130833,1
2B50BD2D,1
D33DAEDD,1
CFC63BAE,1
FBDFBF0E,1
7047E084,1
9DA802EB,1
2A6AE116,1
F3893378,1
4325FC33,1
DD8DA785,1
8A3D5424,1
52E3D320,1
9DDCB6BC,1
881568A4,1
DC5AAB63,1
41781004,1
65164116,1
B133F5BD,1
B224D40C,1
9CE95C90,1
05C6CFB9,1
EFD94D5F,1
D6D8F5AE,1
A4DBC0A4,1
82916785,1
6E7F6596,1
6CED3C73,1
338FB798,1
7A959D7C,1
E05E0AEF,1
184219B3,1
B5824329,1
A84BBC0A,1
BADD7B5E,1
33363C66,1
13CA31D1,1
15165CFD,1
8F966C42,1
9FF82963,1
B9689C9A,1
5B85F2AA,1
F36C1173,1
A9B32313,1
E987D5F2,1
67995DD1,1
0EE16EB8,1
636A62F1,1
7E0B5EDA,1
2221C6DF,1
497A1A47,1
DDA9F69D,1
1E4994B1,1
5F1318F8,1
5919161B,1
3C3E2F1C,1
2F7F272E,1
F7ABEBED,1
64A2DDE0,1
C2213171,1
5ADE007E,1
4B684B64,1
4C971AE8,1
0900A855,1
D77DE672,1
835FDCC0,1
042AECE4,1
7A92CD58,1
A730207C,1
C2921201,1
4A748757,1
98CB6A96,1
A69606FE,1
BD58E3B4,1
8E2A71CA,1
82320F20,1
A508C5CF,1
61B261E1,1
8FF85F24,1
C3E6699C,1
69444874,1
D0BF68A3,1
1D1F9711,1
B4F4BAFB,1
B868C5FB,1
C30C588D,1
F5BB254F,1
952BA9C2,1
78903798,1
911C136C,1
57490CBF,1
C99D9D4D,1
46182BF0,1
22FC0288,1
DC77D727,1
D9C9C983,1
B782B8DF,1
0F300A38,1
9BDEF82A,1
687CE522,1
9DC378EC,1
E8F29C74,1
1BACA515,1
0D0DD222,1
DD557C45,1
FFFDCB67,1
BBD6589B,1
6517C99B,1
053EC71D,1
AADD94BE,1
39278996,1
EDD66633,1
39AA57F6,1
079E6FF5,1
E83B0103,1
7601F860,1
725BE1AA,1
3D22352E,1
02E8E17F,1
F54E35F4,1
B2F5C20E,1
DE6F185B,1
52AE9F4A,1
D03F5D80,1
8E5A53F5,1
AEDC7438,1
0FD62574,1
004FC9C8,1
C5A2DD7A,1
77AD1E9D,1
4CD48C79,1
070F1808,1
DB257A7B,1
8C66F028,1
4BA7B964,1
192D3CD3,1
99570903,1
00537086,1
B1CCF193,1
17736ABB,1
CE371E72,1
8317484A,1
0D0F4648,1
661B5E53,1
A00E4E20,1
AAD4209A,1
FC320146,1
A2924A01,1
AC76AAF7,1
B38BEFBE,1
8B5B3255,1
917C6C0F,1
6E636296,1
9B9DA94C,1
843D8009,1
654BCA6E,1
CBBACFBE,1
5000E839,1
58D65EB1,1
5A5393DE,1
D7E313CD,1
7AF9AF9F,1
982C2B20,1
4337B239,1
CC516264,1
6D76D921,1
7054E100,1
D4D14671,1
A5E5FE1A,1
A90AAE56,1
E594604C,1
7E2EDF28,1
4A459025,1
3FEAAF3E,1
97F8F9CE,1
BBA9244A,1
1F610B39,1
04264726,1
0B892964,1
96107FAD,1
55E62DE6,1
14E49552,1
D23DDFF4,1
F5C910A9,1
BB42F58C,1
7DB41017,1
871054D6,1
AF6D1DA4,1
62CC2024,1
3FF2C2C2,1
F34BA105,1
B9B5C5C9,1
7F6C2548,1
7C565601,1
C0E101AD,1
5A0B666A,1
21BFB61C,1
382B860A,1
33BD4334,1
175D2004,1
2A329362,1
395C89DE,1
0509475B,1
5C9D7D23,1
42761DFE,1
8B02FFD6,1
30B0F0D1,1
8D838081,1
B2A0D20B,1
725C112D,1
940A52A5,1
8EE43215,1
BA49682A,1
BDB2D5CC,1
9B66E09C,1
80F804F4,1
6358B7B9,1
36734CCF,1
58242880,1
A3572B30,1
C7FB6B3C,1
DB068D17,1
2148554C,1
C9C8007D,1
6BB2C1C8,1
259AF3BE,1
ECFC0E1F,1
25F872F2,1
E7F7A7C0,1
32AC4398,1
2FD23220,1
62160AB1,1
8D5DEE7D,1
DBA2B619,1
67FC3525,1
E91C9CB2,1
E86577AE,1
D3FAB336,1
42DDD4F7,1
36B16DA0,1
A62E8C9E,1
798B637D,1
E85AB8EA,1
55ED4E43,1
D6C6ECFD,1
22C54852,1
B041952F,1
84DCB833,1
5544C008,1
C131681C,1
A6CEB650,1
8B5D974A,1
D88D7D1A,1
C717424F,1
269AF672,1
DBE9FD06,1
0F063627,1
AA9AE97B,1
AC1288AC,1
62DA6F62,1
AF9AFD34,1
540B4A0C,1
961C3813,1
1BB3A040,1
B82817B2,1
277E1357,1
4B698B69,1
CC37FE4A,1
CDA72D0E,1
836252E5,1
81FF3194,1
8DF699D9,1
B7CBCCBA,1
791E3300,1
626253D0,1
866CFD2C,1
9F897AAF,1
27FBBBFB,1
A6F1DB06,1
ECFC0935,1
E6195566,1
3333E421,1
72A68229,1
FBFAE515,1
4602FE4F,1
800FD88A,1
165F1814,1
0C18C48C,1
80D2D3D9,1
6017FC11,1
0E24FF36,1
391A2EE0,1
C6472472,1
42D2F014,1
49A1BF21,1
A76810BB,1
5AA0236E,1
11401D11,1
4271D52D,1
989E969E,1
CC3AADD6,1
F889652D,1
5A5F9818,1
F7CD6E77,1
A022E2AD,1
B416318F,1
52AA4551,1
ACAA79AF,1
DB657C5E,1
635E824A,1
2B645548,1
A57DA0B7,1
DB684089,1
D9B59BD1,1
CC11CDC5,1
2D62E2B4,1
02DE5013,1
B9BAFF94,1
5F000F0F,1
B10A4274,1
3D9F6B98,1
AE7068E4,1
98115B49,1
8CBC0D63,1
498C223A,1
ED4272D2,1
6FA38302,1
E85BBD82,1
01CBB29F,1
3BBD332B,1
63D33D9B,1
211EAECE,1
E99F6400,1
1794711B,1
8CFBF888,1
DD06A118,1
A55C5903,1
B3A7474A,1
0FD565C5,1
0D3EBEDC,1
52ACCE15,1
6C80297F,1
A855A829,1
3A80DAAD,1
A7E2DB8F,1
40AF11B1,1
030BBDB3,1
301A4B9B,1
05226626,1
165B7465,1
0DB2D6F8,1
ABDB44D9,1
52355B55,1
6C9AF2AB,1
0E8F8447,1
1E059F1E,1
2C0CB8B8,1
0F059107,1
69482BCE,1
FC99F944,1
F9F64F63,1
78FD5C7C,1
F01884F8,1
43D356E3,1
3028BFEC,1
0F90067A,1
C4C6DAA5,1
7A6D3814,1
18143793,1
8A6B260C,1
AF162660,1
1592F49F,1
821C95F9,1
CD13A311,1
94DBA259,1
F609C567,1
40B2BCC2,1
5F6C7709,1
D450C726,1
E52262FD,1
989C99F3,1
70D0DDBE,1
73B195B6,1
3F27D214,1
828D70D9,1
A8151A5E,1
37844BD1,1
8ABEEF3E,1
C5BBE756,1
01BE1DF0,1
172D1D96,1
3ADC47EC,1
CBCC5CA0,1
6731E8FC,1
DD84824C,1
8A083158,1
7EC48E47,1
3337138F,1
4BD3BFD3,1
F80029E8,1
9CE1D5E9,1
178F6028,1
6A4A5E88,1
B18104AD,1
7D1E95DF,1
60C1AEBE,1
6794771A,1
6CCCF117,1
B51B2505,1
5CA7D154,1
EA3E9E90,1
C4C1B608,1
F2C7B52B,1
F07445F5,1
EA615F16,1
444DA77E,1
1301686B,1
C18616EC,1
F8771226,1
40272321,1
1777F1FE,1
4A42AA39,1
26A1C313,1
404EB1A7,1
1C90F5B9,1
C080460F,1
60BBD852,1
77766463,1
B00A6AE2,1
A896E7B4,1
8BF9F5B4,1
6228D108,1
2A103498,1
0005211A,1
ECA29EAA,1
6FCEC6DB,1
04BB7455,1
91425F22,1
7833668F,1
35101C40,1
9ADA09A1,1
1235FFFB,1
9F497FB9,1
BED6B0F8,1
90D67565,1
468F64D0,1
E4C10F4C,1
D73ECA95,1
E05F0C3C,1
658A8683,1
86821676,1
41DE00DD,1
1A35D9F5,1
3A8EBF29,1
3399EE11,1
43CD8EB5,1
AA112818,1
E84FBE6F,1
3EE2E284,1
379058C7,1
6C897F86,1
092DBDED,1
98696EB1,1
B3A4932B,1
D7808DC7,1
E90F8FFF,1
DCF7FFDA,1
3E23DE42,1
20599711,1
019006A2,1
331DCFD2,1
A5656A35,1
360033FE,1
AD083AA8,1
241EAC5F,1
1106DDD8,1
1BB1EDE1,1
3C43B361,1
8CC80578,1
A4390170,1
ED6A3097,1
65F303E0,1
56C39939,1
9EB931D3,1
2B97B3CB,1
8C083D83,1
6DEE0DF0,1
53FC526C,1
49A9414F,1
565FE8DD,1
C80D6CC4,1
0C1D1DAA,1
B6CD4FCD,1
9BE062AC,1
831B7032,1
7AAFEECC,1
F5BCF848,1
8AAF2FA9,1
81611A8A,1
0097D94F,1
FB20F113,1
4961636D,1
EDB21F6E,1
99278152,1
35C7E77B,1
6A7CD103,1
C0764653,1
09010158,1
4BD80459,1
D70ADAB2,1
5C2487E4,1
E288888A,1
AF4A06D5,1
C0CA961E,1
24B2BCFC,1
E66627C2,1
C8EA23DC,1
5A883073,1
AC52BA2E,1
891D8F8F,1
4997D91D,1
16390A66,1
454FFB43,1
C28846A3,1
BF4F99E7,1
819C68EC,1
1293398C,1
6DF97AA8,1
2C2DC86B,1
C7CAB53A,1
F3C0615F,1
A7BE5B1B,1
CF2469FB,1
BF23CBB6,1
1358B18F,1
03010BB4,1
B6EDBBBE,1
634F0FD6,1
3C3D8038,1
66AF0451,1
6190ABAF,1
39D31997,1
C0134363,1
030CA546,1
099B22AF,1
E7DCD391,1
BFE2CC10,1
8E8EE828,1
CFA60664,1
137C813F,1
393DA6FD,1
EAD80A08,1
55C9F5FE,1
7A537CD8,1
BB84B03A,1
0606F686,1
A0A937D9,1
B503B0C5,1
F5C55A29,1
2277CE4C,1
2E7C15AE,1
FE136F0C,1
C22D39CB,1
CFACE556,1
27C2585A,1
0CC89CBB,1
FAE71E23,1
DC31AFC1,1
C125EF1C,1
5D2BC484,1
BC04C38D,1
D33E4994,1
CF6C2FDC,1
CD99A858,1
B6199F5C,1
9B40D4FB,1
CD68CC06,1
BC616744,1
2B470268,1
0EA5C808,1
BD82B314,1
5420D958,1
8E9C8960,1
347F985D,1
D7C6C6CD,1
539BE2B2,1
45315F03,1
1CEC14C0,1
02A1100A,1
0EBEAA71,1
52F5CD27,1
2A3313A3,1
6BDB59A5,1
9129849A,1
3CCB5B80,1
9FDB1245,1
5834C7B7,1
5DB4A77E,1
04F941C3,1
46940400,1
B967BAB8,1
1343EAE3,1
E9D67630,1
44418743,1
4E0EA82A,1
B83329BA,1
8A9C2BB3,1
9B2ECACC,1
8804D3D4,1
3D3C39BF,1
F3BFF85F,1
D2DFF545,1
7BEE4D2B,1
AAA30CBB,1
90F0AF6F,1
14B40616,1
E606079E,1
464124C9,1
2D952FF2,1
3E6A91EF,1
FD3E1EA4,1
B7C17BF8,1
007E9CCC,1
99355449,1
3279EEC7,1
2FFA9868,1
95BAF3A5,1
5A02609C,1
5C1D4480,1
CB3A4424,1
06AA511A,1
93956090,1
6243F4D3,1
812411B1,1
3C4570A3,1
0E83853F,1
D8BF16D2,1
DDC1D35B,1
2EE7039E,1
36836C6B,1
7666A877,1
695E326C,1
6DCBCD16,1
A3314333,1
D26D61EC,1
9A2A8CD5,1
61AF06F3,1
5278CF4C,1
42A887AC,1
6012B886,1
F3223232,1
EEA69400,1
B1BE6461,1
2A25F9A1,1
43DB33F9,1
0B2F0150,1
E13C38AF,1
35AA18FB,1
45862BF3,1
4666380C,1
2D7DEE63,1
66AF2A87,1
7704275A,1
DB28A953,1
E7AB07DE,1
D3333624,1
4DDF74C8,1
2FB22C65,1
D5DF11BD,1
EFF2020D,1
68EE9AC1,1
3E11FBB0,1
44289C57,1
B155150B,1
94FB4B93,1
EDCE32E2,1
4A6547BD,1
770D0462,1
1413D921,1
BB4F3A3D,1
DE4C60BC,1
1DD77656,1
CC268BC8,1
EF5EE0DD,1
5177DE98,1
D1D91122,1
83B6A779,1
AA6CE5EA,1
34A12B13,1
D24DA6F8,1
123044DD,1
CD2E15C1,1
78772715,1
89480060,1
D4820D27,1
81028F71,1
37F7ACCF,1
8D6CA331,1
644A6446,1
F6A8A1B8,1
8D8DD85B,1
D42F6ED2,1
53B35534,1
C577B087,1
71707939,1
4759959B,1
47E2846B,1
EC8CC289,1
69088691,1
57C09750,1
4444E1B5,1
F030890A,1
EC05E08B,1
23AD1582,1
EE5E7E54,1
A7050A92,1
3F95D48F,1
EBE5B730,1
074810C7,1
F82B7398,1
65D00A7F,1
D384A905,1
F58D7748,1
CFC3B0C0,1
ADE9A498,1
2249832E,1
05F5DFA6,1
858CD7C6,1
7B99B375,1
1C2ED1E1,1
78E55E81,1
994DF3D5,1
D72FB50E,1
D2443747,1
9595646B,1
AF8A5FE5,1
F3B0F013,1
1ADF10D0,1
25E9922B,1
DB087A71,1
8DBD650F,1
00142BBC,1
11A11481,1
AFE0321A,1
F533747D,1
A92C7A57,1
582D31C0,1
5F346250,1
22E9E258,1
B2B47B0E,1
314DCDC7,1
31CCBCBC,1
CD373938,1
338631AB,1
21818CFE,1
045092AC,1
EBAC0590,1
B8FE3143,1
92C03DC3,1
9F299D88,1
52EE230A,1
91E1EF75,1
E14E002D,1
0A6C23CA,1
F43F7A47,1
A9449E9C,1
E9C8A01E,1
9E88F8A8,1
A1561CE6,1
B0BBDB70,1
F162BBE6,1
0C7A9262,1
DA006A19,1
B48DEC91,1
B1A1EF34,1
04464AB6,1
B64FFE65,1
28CFB747,1
ADE89ED6,1
C5BC7882,1
F8033DE1,1
6621A6ED,1
24DC15C0,1
91272C23,1
2678E713,1
16916123,1
E87A7B0A,1
6D5B171B,1
39C1F3EE,1
B7DEE89E,1
F9F94FFB,1
915F6451,1
7D424B69,1
05838BBF,1
8584C8C9,1
CBD71180,1
6D28C3CD,1
9611C9F6,1
91321839,1
3AA30360,1
C83EE070,1
2A304300,1
A303A723,1
65279199,1
13104580,1
A7BDDA7C,1
E2EFF20D,1
25E1E535,1
DBB8B8AB,1
3FD236DF,1
ECAEBCB5,1
4207C77E,1
36071175,1
B0B38118,1
BAAF54C5,1
61155523,1
44911031,1
930D0B9D,1
3244D1CE,1
464FF849,1
3BB1383F,1
A3BA3A13,1
C8BC3ADB,1
8DC34785,1
4B234702,1
C4FB62B0,1
287BFAB5,1
7C87C557,1
C5CCF04D,1
D475E5A1,1
DFA40547,1
8E4EE387,1
F8434190,1
09927A98,1
FC28E299,1
73441777,1
269CBC05,1
A03B597B,1
CF035CA1,1
59D69DBD,1
35551A16,1
8A85031B,1
687AAACB,1
2CA103B7,1
440ACCC6,1
32AD186B,1
E7AF0755,1
FF2E222C,1
922E6667,1
F75F6C66,1
103407FE,1
0A291220,1
784FEF6B,1
223D0DDD,1
51691351,1
3C9C7264,1
0A5B977C,1
05565488,1
24B633D3,1
4EFB5237,1
9F64B7B1,1
21770FDF,1
7CFEF4F7,1
A1AAE191,1
FDF095E0,1
C1CCDC3C,1
6F17912C,1
FA36FA5D,1
0E6F9DD3,1
077F06FB,1
BB3A2B31,1
F9F2897D,1
6DF708F8,1
F4098A4E,1
BEEB971A,1
ED8505C3,1
BA2CA818,1
747BB504,1
4C09BEC4,1
35241223,1
21298534,1
9C01ADA2,1
B5167781,1
A1D83D4A,1
D2B25DBB,1
6F985BD4,1
B72BC49E,1
C76CE37C,1
0EA73916,1
A7973A3F,1
4BBB9BEB,1
A56E77CA,1
B97FA2EF,1
07D3777A,1
EFB99B9E,1
520FE72F,1
AAA4F2F6,1
76684AE6,1
56753D98,1
D758E14C,1
39B6C58B,1
CB100B99,1
59D3ADAA,1
79CA3539,1
22022DBE,1
FFE9595D,1
E1D6C467,1
808E0B62,1
E9B0F620,1
42F1DF29,1
00065BC0,1
321208D9,1
576ACE10,1
C0EFF245,1
AA7DCFE9,1
9B6B8850,1
DD4FF40F,1
117AB1D1,1
C31CD375,1
0779DDF3,1
E35A9779,1
2A033F65,1
5945AE46,1
541CB0DD,1
CEFEB5CA,1
5B003CF6,1
91D1D6FE,1
33B35938,1
00AA0040,1
A355F5AA,1
0D91D1DF,1
E4421622,1
9EE2E435,1
0D414528,1
2F4B7282,1
8A4D8A58,1
BA60304B,1
CEE6AC67,1
5620020B,1
9AB4F427,1
6DFAA4C3,1
E2EAF13E,1
1E40D306,1
F6FDF029,1
DA8E1A17,1
5B58A55F,1
2B31D3D3,1
F4CEF394,1
68E6BEBC,1
544666D5,1
0D921321,1
73160161,1
C8B8FE28,1
A66ACA43,1
20BBE545,1
70FFC2D2,1
41164EEE,1
E7919DCC,1
786E1A30,1
25C5225E,1
A8926B2C,1
8585D74D,1
A3A8A5AB,1
CB59BAA1,1
D4CE3CA5,1
AE0F600A,1
E438269B,1
833ABA8C,1
343E2A2C,1
86497E73,1
6A6F92C3,1
3795774F,1
1A44A1DF,1
0E01202D,1
22080711,1
C5C8644F,1
34831E5B,1
40E03EFA,1
1C432AC2,1
DF2F80CA,1
6666E0AA,1
DDD6D11A,1
FAE44461,1
A545B660,1
EE0EEFAF,1
698CBEC4,1
480F2A1B,1
21AE4228,1
1AFBAA3E,1
E2999566,1
61AA67F6,1
CEF12CB9,1
438395B2,1
812CCC82,1
9B55CD88,1
D4A83464,1
B67CC0F3,1
3EF99C57,1
3EE74A98,1
001591CC,1
2802038D,1
A6C3870E,1
AE3E9D03,1
6879D080,1
C651C10C,1
F3E0A44E,1
80C0EEB8,1
372A532B,1
1D66D786,1
7455D1BD,1
E177AD99,1
27F176B0,1
291B9276,1
C3ED3621,1
55932165,1
77773900,1
CFCDA6CD,1
888806A6,1
7BDA0BCA,1
CE71AEEE,1
3957A9C1,1
BDBD8BEC,1
66670613,1
DCDC135D,1
D1401841,1
6EF3F5A4,1
7DD9EA7F,1
E62E2B69,1
5EE8D348,1
7B755E17,1
3821B8B3,1
6F516727,1
6449D88E,1
08A69A1B,1
1B355CF3,1
EE851308,1
B839248B,1
F92373C3,1
3BF39E31,1
4F1DAE2D,1
13975C79,1
A0A0DAEF,1
6BE746E3,1
6EC6F93B,1
6A841818,1
6C3748FF,1
5D6444CE,1
A834483D,1
50E07020,1
4B4EE117,1
DF2162D8,1
88282651,1
849BC2E2,1
951186AE,1
BD713BC9,1
EA1DD154,1
A8C3FF4D,1
00314CF3,1
0FE434CA,1
115F1270,1
E2012D7D,1
1A7AAE94,1
15DA2824,1
BF4EB2B1,1
8FCE13A8,1
BE7222AA,1
400FF6A5,1
23F3344E,1
ED3FAA20,1
C9287177,1
2B114F8A,1
93AB79CB,1
C44B7D89,1
ABBB14CB,1
9B9820C9,1
57228886,1
B8447B0B,1
B88AED61,1
D6242176,1
90A3B49B,1
7A7177C7,1
7BC2C247,1
D739D818,1
F18F3237,1
478D99D5,1
03A103A4,1
1694D0CD,1
067B9B93,1
DA21E0CC,1
0777DAA0,1
40249C04,1
7E49EDE4,1
1E7FB5D5,1
BBA6264F,1
6BAA66E9,1
FAACECFC,1
DB8D8A13,1
91878778,1
8E22D123,1
A22A7266,1
98709598,1
A028EA88,1
AACC55AA,1
3F774774,1
D4DD81B3,1
63F5F6F2,1
56E4F640,1
879E9CCA,1
22DC282A,1
CC7F37D5,1
8EC72660,1
29D92234,1
FB17D678,1
6CD0EDD9,1
A13BF0B0,1
4BC9BA5B,1
73E464A0,1
4E99D556,1
3D0AD8DB,1
4D43B82D,1
911819AE,1
0D19FC95,1
5B375842,1
57769F87,1
483C2184,1
6EB74894,1
CE72D2E3,1
56C43559,1
E0541077,1
65A020F5,1
0A854753,1
AC09C70C,1
CAC34C3A,1
A55DCA53,1
500D03D3,1
9CAD5A45,1
17E11530,1
F3EB7BBE,1
2BDB4844,1
A90F6399,1
4B6B22BB,1
3993BE30,1
B81815AE,1
30787A7D,1
4DC74CCF,1
4B65057E,1
7286A74E,1
BF33F5BA,1
5D184D45,1
E83358A8,1
2132DF17,1
63D9303A,1
2FF82FA0,1
EF388228,1
BE2B0D04,1
20508C28,1
66ECC3D0,1
BCC0484F,1
A004BC79,1
2B888DBE,1
27B7DF83,1
98929B99,1
BFFAFFCA,1
AB13DE80,1
87236137,1
5F3B0AF4,1
F3BEFE22,1
A97A966B,1
F704C40F,1
81B1B8AA,1
617B5175,1
50799783,1
7CAE8537,1
6511C47F,1
C2FCF548,1
96ABD349,1
90235CAB,1
EF83D555,1
299A71DF,1
5111B4DF,1
527C3172,1
C7661974,1
EF22AD87,1
790BE0DE,1
9E844DC7,1
E05CC0A9,1
F7766C66,1
58937440,1
658CF71C,1
F61D329B,1
613D81FC,1
3769CDAC,1
4E389B42,1
52F0BB2B,1
A5256DAC,1
8B222EFF,1
01272777,1
11B91774,1
71DA4ABD,1
210B19CC,1
D03E398D,1
B0467525,1
01AD4174,1
5D48EDE2,1
60A5C55C,1
1DBB8C9B,1
098CDC4B,1
10AEE29F,1
FFE85F63,1
FFF0C34E,1
406B98E4,1
12D85A8C,1
440FD0AD,1
DCCECC04,1
1FF8E9B5,1
01E0CE8F,1
5C95A53F,1
1B0FF5CB,1
C99AAC7A,1
37E093E6,1
F63EDE48,1
847FFEE5,1
C22CEEB3,1
8CCFEA00,1
D1B60002,1
839A9079,1
2A0AD292,1
9ECEC899,1
F69542E3,1
422F6E88,1
BC47C307,1
322F4272,1
D1BA1CFB,1
6299E575,1
759D9297,1
FD8FDE22,1
A6A4E861,1
DE26B282,1
D680B80D,1
6FD36C16,1
234CBB31,1
81B986F7,1
23D85E9D,1
E20D68DF,1
33387982,1
532A2292,1
BCBD5C2B,1
0FFFF2F7,1
30BDED3C,1
FB84F602,1
6A71FB11,1
87E1C8EB,1
D3ECDB89,1
F53ADD49,1
87433CB2,1
CB489AFD,1
72203D6E,1
61F90A68,1
779C9A7C,1
19034614,1
20677DC5,1
CD40DD44,1
99037AD3,1
71BF222C,1
D39DE999,1
FC162B01,1
2F03009D,1
FB68ADF1,1
49B5AA6B,1
2E3B4044,1
F1D8FA66,1
574BB547,1
7190F055,1
5D965CC8,1
8D326929,1
59753A95,1
BF770296,1
315345D6,1
5FDAFA12,1
8F6FE825,1
C0AC9F19,1
3509FD9F,1
34820D91,1
DE0EB9AA,1
55E30865,1
F53EE202,1
C0116469,1
74ABA356,1
28B82142,1
A6A67794,1
FFD7D32F,1
74414FA1,1
5B2BF2ED,1
7C9D6F4B,1
37727728,1
F3C3A8BC,1
C90BC510,1
9CC5179A,1
07FCF0C5,1
9519A606,1
592703D5,1
F55F21A3,1
CF00A6BD,1
3899FCF9,1
498F1F34,1
C7191390,1
A37333C9,1
42186365,1
1019136F,1
BE6AA663,1
3591FA3A,1
6BC23A6A,1
2535D2B7,1
3500C0D4,1
0BD29BA8,1
FCF75772,1
7003643D,1
F6FD5B43,1
52098F44,1
F4A7F71B,1
4644A045,1
411C031E,1
1C7113DF,1
BE667265,1
2A80F9F1,1
60D6771D,1
B49E8929,1
CFF33840,1
59ED9837,1
1ED197AB,1
B8810E00,1
B79E779F,1
4EA7CAED,1
5233C84E,1
77500056,1
F1AF88F8,1
9F47E9DE,1
317E4714,1
CD65958D,1
3A931525,1
F9DDB6BD,1
82A0D4E5,1
CFC9DC57,1
05BEEAF4,1
064A4B48,1
82F442EC,1
944D7A7D,1
BE2F8E5D,1
0F8DFA67,1
C107133B,1
C5E72744,1
B0178065,1
FDA5AEFA,1
ADFF9351,1
27B895EA,1
08875781,1
71CC0C83,1
D646A8FF,1
8928007B,1
FC7995CA,1
7E83FED0,1
90C90050,1
ACC6F9E9,1
2DF34238,1
713499F3,1
78A672D2,1
FF96893D,1
6F6881F9,1
FF9DBFF1,1
7CDDBB3D,1
0FB81063,1
490CFA49,1
08CB0DBB,1
0CFF9099,1
3DD221FA,1
47EE765D,1
598BB609,1
B8575833,1
B24DF8CD,1
F0EE78B2,1
E6174B46,1
49F9EE8D,1
739A830A,1
C5005A1B,1
AC233472,1
14C27C42,1
85A7E8B7,1
994CF3B1,1
B6D753C7,1
5E365768,1
FD5C5FD6,1
B380A18A,1
17C96127,1
2CCC2E2C,1
4E965533,1
64218C22,1
30E13A4C,1
4FF25C37,1
2C92EB63,1
2D300336,1
2C4FF05A,1
49C396E3,1
3781E579,1
7C285BB0,1
578858C8,1
1C63D6D5,1
22929AEE,1
1BAE6446,1
FFF22AAF,1
23B33232,1
976D7169,1
57AA798F,1
9DDA6398,1
C8C0A7C4,1
C891B155,1
60E8E834,1
86166B60,1
AFEABC88,1
62692B33,1
642940C5,1
90485F40,1
4A088973,1
01FBB0B0,1
4F903644,1
4F66E843,1
9C557419,1
4C083274,1
2EFAC82C,1
F35221E5,1
9B2D943F,1
5AD2CE5E,1
FF85A5C3,1
2C8D9F3E,1
57E5E558,1
96F7D364,1
68E97AD0,1
EC7342B2,1
A520D578,1
13F86818,1
CC5EA4B6,1
A0862AE9,1
0B06722D,1
73EDF799,1
70979949,1
6166F226,1
19A5D1E7,1
470E5855,1
EC4000E9,1
CD61C4C1,1
548BB8DF,1
88A853FE,1
B030BB5A,1
76E3956A,1
3019FA30,1
C0F06105,1
AE6A1649,1
F30813F8,1
F1ACF71B,1
5B838B36,1
C0367BF0,1
5E5CC9C9,1
FFEDFD4A,1
C19072DD,1
6D062653,1
ADBBBA75,1
42D21379,1
FD3F32F9,1
A28F5603,1
78E94667,1
85FF0FD5,1
79DDD9EF,1
C069664F,1
3F3EFDD9,1
A9A4988C,1
9DA5369D,1
0EAAADA7,1
6AA3760A,1
1C60BB05,1
DC0CC62F,1
7DC6A6CF,1
6B856A1C,1
DE76D11F,1
58CFFC8C,1
8EE80ED2,1
61C42F28,1
A00EC97B,1
B3810BBE,1
711109DD,1
59D68564,1
93991516,1
D0FD8F0C,1
9B3BA922,1
630B8098,1
7957775E,1
2BB8D998,1
0E310A15,1
FEEFC4A6,1
085408E5,1
75C9D955,1
9093300E,1
FFD1FDFD,1
D22E3AE8,1
BA7FBD55,1
C67CDCC7,1
58133F33,1
F1ECC10B,1
5F34B5CF,1
3A0730BA,1
BECF977F,1
0C1BDD02,1
B7E608D0,1
D59EE133,1
46E33263,1
FF76B09F,1
1817DD9C,1
669CD4F9,1
1AD6BD6D,1
48B999E9,1
1A108461,1
7055F7F5,1
85CC34AC,1
C66C8FB6,1
1CBAFCC0,1
A027A131,1
D0DD51E0,1
3FEFEE7A,1
BCC861F8,1
35A9AE98,1
17C4287B,1
7E904D55,1
5828CEB7,1
E60F232C,1
B67008E4,1
DA552F80,1
593389BC,1
B876DFB9,1
9DBC080B,1
F1161F10,1
337BBDD6,1
6DF35334,1
1CF38D73,1
DF0566B4,1
ECAB7E4B,1
21B992B5,1
3B497C71,1
8297AC85,1
3BDC1C76,1
C08E11CC,1
59E25E79,1
CA200208,1
861F0398,1
1D0096F1,1
3001F754,1
75508548,1
D59D3076,1
78815E6E,1
0A1627F9,1
2B968911,1
B3651D68,1
20CAE2CA,1
5FA0D12F,1
BC5D107C,1
FAAAEE6A,1
2A2FAC20,1
9B3D3C89,1
CBBE8D7F,1
99856099,1
1C29FF73,1
D6839681,1
F24E242B,1
80838727,1
99D4A1CC,1
99A04F43,1
1842017B,1
A9CDB299,1
4F5E942F,1
20993543,1
C69068C4,1
7D81A935,1
44C16116,1
1BFCB8BC,1
2BAAA44F,1
A1B092DB,1
CF3A1ECF,1
7003720B,1
79EE989D,1
BB8A9C35,1
E40443B9,1
8537A953,1
91594988,1
F1524F8F,1
8B346173,1
2ED258B9,1
DB1D12E6,1
69237542,1
8CD222D2,1
CC96CBE1,1
AA4BE3F0,1
2B77C278,1
48367588,1
FC824FDD,1
A655423A,1
8A522845,1
16036161,1
E2251616,1
83FCE89B,1
D38AD8D4,1
78F17D58,1
A0A7A2AC,1
B64B7C7F,1
3B29033C,1
34EFECEF,1
15A98E81,1
269A422A,1
8788DBBB,1
9F6A278A,1
1ED56E15,1
CF6A1808,1
1178AF1A,1
6DBABF6F,1
9AB48BAA,1
99401C17,1
828F6CFD,1
6917ADF8,1
CD50C2A5,1
6DD9CBC8,1
E1EDDEE5,1
9FDC5062,1
7CD7EB9D,1
BEE343AE,1
16D8677D,1
6A3FFB23,1
94C1EB90,1
2285A190,1
D4E9FFAD,1
DABAB4B9,1
D91C4A55,1
666E7F6A,1
C33FBCFC,1
C4AACE82,1
5CE9ECE3,1
847B9138,1
59111F28,1
F784953D,1
4222FCA4,1
6B699FCB,1
6A64DAC6,1
03B11552,1
0993A198,1
E582F13B,1
D2D4FFD0,1
6FBBD446,1
C63622AA,1
E2DE80DF,1
70E7F6FF,1
5CD26653,1
AD73DE6D,1
085E8879,1
98841F24,1
1DFFCA5A,1
DD831F07,1
C1E38417,1
E882E017,1
B82C4102,1
060D6079,1
D5CE2861,1
45765E0D,1
60DED473,1
7CF78233,1
41EAB7C6,1
7966AC88,1
255B4CAD,1
50936C29,1
79187A37,1
7BAF976B,1
4BA5B000,1
A1533707,1
FECC6BC3,1
257B2C60,1
77766857,1
1CB1F9A1,1
311C7543,1
D05D3FFD,1
B5618BD8,1
B1F6B4B4,1
619A1F41,1
3314F1FA,1
C824781C,1
111B613C,1
2D8C6F54,1
C3D7AF67,1
2D3362E4,1
0206A165,1
2252D196,1
5050042E,1
1D8100F0,1
E64DB9B0,1
F1489C05,1
8466C1CD,1
786D39EF,1
11A214A8,1
856B1857,1
17E35A77,1
55ED998E,1
6EBB1F11,1
CC999191,1
C1FDD44B,1
FF03EDDC,1
4E053D08,1
E209DBED,1
98B09B51,1
20FBDB9A,1
5E269514,1
C55F1AC0,1
B5E77C57,1
AC44BBF8,1
66A580F3,1
8FB0BC17,1
A95CE5F7,1
696337BB,1
BE3B7F0F,1
E5E4D917,1
63663F1B,1
55E62EE9,1
FF1834F2,1
0ED8FCFA,1
F55A09FA,1
1AEDEE56,1
4704A3B7,1
BB46D49B,1
AAFF9B98,1
BFD113DF,1
B00E7B6F,1
D7D469E0,1
47453442,1
A53AC59C,1
21A4D496,1
F100BA45,1
BA7B7003,1
30B87849,1
C4147E5E,1
15CB1A8C,1
C04DB034,1
4ADA8573,1
D99FB0FD,1
C81263DE,1
68F8274E,1
83856D48,1
13070DE3,1
7D87A836,1
D417FEF2,1
F02F766D,1
CABA42A0,1
677E4E8F,1
2AAA9B94,1
00347FD3,1
B3FD8976,1
8D2F7E18,1
36A9D047,1
D15D5D48,1
E4080137,1
91AFA904,1
EFDBAAF1,1
82BF4BB6,1
C9995F6A,1
FCEC4EEB,1
75C296BB,1
15C2D8C8,1
69DE99E2,1
D8F0D2DD,1
EE3BADC8,1
5D6BA961,1
3D405B00,1
A68FDFF8,1
C3AF28A1,1
BCEEE37E,1
74B49925,1
FC9BD90B,1
70B6BA80,1
7F03EF4C,1
C00FD301,1
55178CA7,1
0861017B,1
162AD44D,1
263199F3,1
F97D9EAB,1
FE258E77,1
F1FD4766,1
7F2D4D77,1
CBDAD2C0,1
6978C088,1
EAEE06F5,1
4747B79A,1
DD5C81F0,1
BDAFEEAA,1
5F2F8F0F,1
CEAADD7F,1
3FF3FF39,1
4C2238E9,1
F43B15B1,1
FC885F6D,1
A55C540C,1
DECBAEDC,1
F94A3BFB,1
C768624A,1
ED67EE7E,1
5E3B234C,1
FFFC89F4,1
7AA08A7A,1
3ECDFFD1,1
B5115F10,1
BFAB88BF,1
E3DD6099,1
A615E856,1
9B6B933D,1
EAAEBD19,1
FF868A8F,1
B0C1C479,1
73D4706B,1
367366BF,1
5BD1FC9A,1
F2C3705D,1
693600CC,1
CB269C4E,1
76C48975,1
9237F15F,1
B1EA021E,1
1FEDD60F,1
70CA0478,1
5C2DBBC3,1
55EF1117,1
E1517A61,1
4D03FC17,1
F9A73C06,1
E1F444D3,1
3076F409,1
C3438369,1
D43997DF,1
291BE599,1
878E49F1,1
2BD52222,1
88D789E2,1
4AA6F394,1
BD1B926F,1
1CAADDC9,1
F7B88A12,1
063CE002,1
C63950FD,1
47B7AA77,1
E59BCCE4,1
8E6F1148,1
516042CA,1
4270E301,1
B5A5150C,1
A2C90421,1
2988E961,1
99BFA4B9,1
0B195075,1
3B97F73E,1
92EF9E15,1
38035630,1
D8D2BF62,1
5212EE89,1
7C9C89D0,1
CABF565B,1
58E2DD1C,1
2A8278B9,1
7D71D32F,1
46BA0BEB,1
FCC4F75F,1
2B7FC626,1
8FC9D49C,1
BBEBFDF5,1
DD320A18,1
330464A2,1
FA11E7BC,1
8E9FC44F,1
7D3A7AE1,1
33EF0FB0,1
8C988362,1
0DCFE9A9,1
73447424,1
F0329EBA,1
FED31AF6,1
2BCD4FCC,1
5CDC85AD,1
03F060E9,1
445D590F,1
127C52CF,1
8F02C435,1
93110200,1
DCFB5CEF,1
0C9BE136,1
C6B8FBB6,1
34577447,1
DBB2FE39,1
F8537522,1
77417933,1
4FAA0A28,1
C33B4E40,1
FD92B6FE,1
1F6C2B53,1
E178A13A,1
23E72818,1
6D04F006,1
B1BF0ACB,1
5303238B,1
794649E7,1
C6095A8F,1
207EFF19,1
AE6681AA,1
32E2E1D3,1
5E9AAA9D,1
768A0899,1
B90A5451,1
DC8FDEEF,1
A8475288,1
2E7BDB4A,1
22B0222F,1
F8F9F835,1
A42A8593,1
CA12D4A8,1
27407762,1
9FA14221,1
53D84465,1
83E94D6E,1
A62E572D,1
5EC3EFFC,1
E60086C6,1
B8988668,1
EC4DEC19,1
86DD49C1,1
7071EBBC,1
7C7AE77A,1
6227A9E2,1
B07A5DE4,1
C2120990,1
353AE704,1
AC5CAB55,1
1802D700,1
BC0CC2EF,1
F2776E82,1
BC3CBD43,1
7EA83191,1
1698BA89,1
16D6C1F5,1
BBC36309,1
60C10877,1
F6074D7A,1
9BE5C0ED,1
357EC33A,1
B30DDB8D,1
FF2F4D31,1
8AAC2990,1
DF1C6EDF,1
5D25DE78,1
2EE66BAE,1
AD0CCD6C,1
831C9771,1
32BB4B34,1
0791F10E,1
84AC0EC0,1
A0000FAD,1
F047C76C,1
38DB9BE7,1
68773912,1
A9960684,1
50D04CB3,1
AA89C5C2,1
B7A54775,1
8E285E94,1
8DFE638E,1
55C6C9A7,1
3EEF4D24,1
F66B1CED,1
37311CC4,1
F9EC61F1,1
7E147944,1
3479C758,1
ED19D19A,1
31B677BF,1
09892634,1
58BBB434,1
CCC66B2C,1
52CE8EC5,1
6F3147F3,1
37661627,1
B50A9635,1
0B734608,1
38295441,1
1AEDAEF3,1
C2C39F72,1
70B7E157,1
A37B5B7D,1
1C11D338,1
221902EF,1
9431A90C,1
ACB5FFAB,1
2722383D,1
389E8E85,1
8014E43D,1
4E871F28,1
FD022F7F,1
7CF283F6,1
2751B187,1
CD92D070,1
49BB02A9,1
114E8F56,1
DA708609,1
D4A62E11,1
650E0976,1
CA0F4F47,1
76DB178C,1
5C478775,1
095285D4,1
42B70042,1
7C2945D2,1
DBCAFFF1,1
AED50BDA,1
62DB02B5,1
551A9775,1
D0B19EB5,1
CF458975,1
F1240CCF,1
3D651959,1
FC433809,1
59956DF0,1
CC5922D7,1
E7DFCE49,1
B9E0070F,1
CA0AAF0C,1
C89E9725,1
FFB88B9B,1
2CA4E89F,1
855580E5,1
673B78EC,1
2288FF17,1
377F47EE,1
28EA77AA,1
0058B5A5,1
66546C3B,1
6B273048,1
3EF9457F,1
525D3904,1
2659206C,1
C14D65FA,1
1F690F99,1
71437112,1
58F4832F,1
CC9B868C,1
7D8FFC8C,1
191198E1,1
34F12F60,1
5CE55ADA,1
F1DDDDF4,1
6B146454,1
C8555596,1
CF3B5772,1
2F0ADBA9,1
72AAA257,1
2E25A3C7,1
D94E021F,1
EE909AAB,1
88AFDB55,1
E3999AD9,1
892EB99B,1
8E5AEF7B,1
C956D49A,1
45F7E888,1
137B0115,1
147F04FC,1
196519A0,1
6D0B5485,1
5F338A8F,1
E9953CBE,1
D4224276,1
4F05A175,1
233C498B,1
92B95777,1
A6288C6A,1
04E72B4A,1
C6DE3C80,1
FE61B656,1
64175E6E,1
FEA7D2AE,1
365FB4FE,1
C8BE88EA,1
BFCF0751,1
E8EAA8C2,1
BB338B2E,1
FF404224,1
5F4A3A28,1
74F0C821,1
14104FAF,1
8A43C418,1
43B2E35C,1
222A66B2,1
FAE7C0FF,1
0C5C90CC,1
20AE1861,1
DA38F9F2,1
B12A974A,1
24BD03AF,1
E4667642,1
0EE0396D,1
2525127C,1
A1900D8F,1
841A3CF8,1
42B699D5,1
49D39DC9,1
4BAE8335,1
AB260056,1
37F2B899,1
A0A58D8F,1
C3B125F3,1
A9B3AFD4,1
F93FD699,1
4DF31B19,1
EE86503C,1
86638298,1
CEDA3BC8,1
56A853AA,1
85C0ECDC,1
862B7757,1
FD4F946E,1
6663AA66,1
7B1DF616,1
E11B488F,1
93CB2CDA,1
BF26BAA0,1
DDE20E06,1
1C067D31,1
85D8E1E6,1
7EFD5585,1
8A44CED2,1
ADFD602A,1
234D6D66,1
096D5D75,1
97848757,1
9FABAE8E,1
F23D3FDF,1
3242D649,1
837E3DE9,1
C44FA59A,1
E67BE633,1
C61C42C1,1
8308896D,1
B1D11BD2,1
AFDF62BE,1
3DCE7D99,1
CD45A105,1
92696441,1
1011FB11,1
6F3C5BDD,1
28253095,1
EC18C452,1
7DEE8B6B,1
3FE38231,1
30804FF5,1
DC1C9081,1
8DC2BC59,1
8227F928,1
579D2336,1
95A75961,1
E9AADF1C,1
73C3D40F,1
82DA08AC,1
5C5CC41E,1
040C9143,1
55AA0B5C,1
57465424,1
D8E9E7D4,1
6662FB11,1
0D9D110D,1
8318285F,1
BD22B562,1
344F122F,1
094775E8,1
A5421FFB,1
97D94384,1
8D87F1E5,1
8C221115,1
07307B55,1
0628FE38,1
0903CB70,1
812A7AA8,1
8C83E787,1
11D8E777,1
9E4FD225,1
1F7CC4AC,1
BDAFA2A8,1
544AD8DD,1
DFD4EFF3,1
B7687523,1
8FF83BA0,1
CFCF7573,1
C1C241A2,1
CFF763C1,1
44116E64,1
A245DA20,1
EBB9479F,1
322BFAC1,1
E5AE8902,1
1BC95A75,1
DCA8D444,1
506E4EA5,1
F282D081,1
6888A86A,1
5EDD6225,1
D3321DA6,1
D5DAA4C3,1
C2FFD60A,1
05B063F0,1
D8F16B48,1
3E84E4A8,1
8B0FF7B8,1
B42DCC09,1
9FADDEEE,1
1E35857E,1
C735B30B,1
972AD6A7,1
7BF62117,1
9ABA1396,1
EEDB44B1,1
E457AD1D,1
25505006,1
4366BA40,1
11BE998C,1
DEE41AAE,1
F6A9448E,1
0D9D4D13,1
17E8355D,1
8A36E9C4,1
57805954,1
DC2BA322,1
49BE4841,1
5664915B,1
0409B00F,1
742105B4,1
DF4F0571,1
7AB7571C,1
9B9873BE,1
0506749C,1
5D9DC9B5,1
4E116BFC,1
09F58E29,1
5C132E06,1
F5CED98F,1
EA92C952,1
E3541E63,1
D3773C2B,1
EF48D59D,1
8ACAAF95,1
42C28EEA,1
7B2B1909,1
90BC2B8C,1
8991053C,1
1003DBE0,1
393F13B2,1
3180DC17,1
68387168,1
CEEA0D25,1
FD6EC51D,1
529F48D1,1
B9F8EC8E,1
36B8A6E1,1
0AAAAA0A,1
1F665298,1
438E572F,1
DB4E402A,1
252CD92B,1
2388453A,1
BEF939D9,1
12655545,1
98AB93FE,1
7D165693,1
64555A51,1
49321A24,1
18B12FF5,1
1A3B6DBA,1
C5AE3B92,1
4E3E036E,1
3C946EE4,1
A1C8363C,1
F68AEBE1,1
7A734427,1
A33B8164,1
C6734057,1
183AFAFF,1
27221946,1
550EE59F,1
80811088,1
18B73821,1
44E701E4,1
C993B705,1
D8236F2A,1
2D8E8550,1
67B49B97,1
50F17F7B,1
8BE111C1,1
8FB3BAC7,1
5AAB31F6,1
2A4A227D,1
A766A22B,1
7FED989E,1
02DFD3D9,1
0B224247,1
F8AAF00A,1
4BEF8BCA,1
D516F04E,1
087FBCFC,1
BED45DDC,1
C7BFA942,1
A47B4002,1
19C97162,1
B3227FED,1
30338B73,1
9965F0A4,1
4910688D,1
1178B144,1
CB490B9B,1
581F1AD7,1
551722C9,1
F87EEC6D,1
BF1321CA,1
EE399EC6,1
DED67B65,1
B9DAB39A,1
AFAA1472,1
853ABD89,1
D7E61184,1
D42D8AE8,1
468AF79B,1
BB7F3001,1
1C8EE12F,1
A04D503F,1
89542DF1,1
4EF48F08,1
2EE33099,1
33FEADFE,1
166FC866,1
62073C72,1
2F22EB58,1
BBDBEBEB,1
AA5BBE82,1
02959524,1
1B698136,1
4BF769B8,1
6C726AC6,1
0DFD1959,1
E1322C6C,1
1C16E389,1
FE4DEB49,1
05CEC61B,1
0C328EE6,1
A6AF8BE1,1
E5B39272,1
0EEB40BA,1
14D695A5,1
8956468E,1
EC50E514,1
68B29581,1
2AF7AB10,1
BB7CAFB8,1
F66D1C6E,1
029E5103,1
0D89E91D,1
0B161702,1
5FC29116,1
4D5358AD,1
FF99FE87,1
9DFF9BDD,1
A8F3A088,1
6310F4E4,1
9C3909E0,1
FD7BD525,1
FDF14D40,1
2922F333,1
4EBD2732,1
6B9661BE,1
6B27B8C3,1
B37890A3,1
6EEB8926,1
E8D4CEE3,1
80F3CF89,1
1A52A22A,1
B9EB3C83,1
DFBB58CB,1
0D25CA31,1
F2308680,1
FE4A35AA,1
ECFAB11F,1
64001BAD,1
662C67C5,1
336E6067,1
724A1C35,1
E4E06A76,1
333EA77D,1
C76FA8AA,1
0603F35F,1
F00E3E69,1
77CC727B,1
B6D2B459,1
544D266F,1
CF198313,1
DBB8C353,1
B2C45AC5,1
75DF37D3,1
68758605,1
068B0E6B,1
D81D8D78,1
1C991E94,1
22C4011B,1
760B1F6B,1
FA4A6755,1
E07DFC51,1
F441F50C,1
489C968A,1
01BBB1B9,1
1849D35A,1
43D79483,1
8987A5F4,1
8FB56524,1
871AA388,1
4CF1251C,1
C3C00137,1
49329046,1
3BE25583,1
B7A880A3,1
8C277447,1
88793687,1
625B86F8,1
6C561463,1
AFF3FF74,1
0B3EA9A2,1
16DDCB1E,1
1722D958,1
1394CE39,1
2CFEDFEC,1
27BD45BE,1
F550DD76,1
62151514,1
0C97746B,1
E7EB676E,1
8EEB0D43,1
F407F687,1
1653C327,1
DFD544C3,1
AAABCE4B,1
6DDC0548,1
71ACB81F,1
590B1194,1
57761B82,1
83A97DF5,1
0B20FAA0,1
ADDD58B4,1
6024BB2D,1
1DDD00B8,1
C078230C,1
D2A67DB7,1
C06665E0,1
13D317D3,1
334901A9,1
D352DC03,1
39AC368A,1
670D1F96,1
E05098D5,1
BDEBDABD,1
D92588D8,1
59E7EEA6,1
12D9BB20,1
FFC0135F,1
D19199AD,1
00679C08,1
7FBB9B02,1
5D6666A6,1
E213B309,1
D0D9ADB9,1
436666E4,1
5ED4AB42,1
CE6FFE41,1
89888BB8,1
D500252A,1
057E86D5,1
634A3486,1
91CE5A3A,1
2DD9F919,1
55F62211,1
82218EA2,1
EFDD6290,1
2A41472F,1
D13E3896,1
131A7535,1
07723107,1
F13FFD3C,1
0C24C59C,1
FC95CC2C,1
14DBFB4E,1
C5CC0018,1
39A5753E,1
DECAD4C5,1
DF610166,1
AD87B26A,1
6434052A,1
08994329,1
7B78791A,1
39F0AC22,1
A673A08B,1
C3C5EDBC,1
F3B5531C,1
1B9FB1B9,1
CFAC99CC,1
21A4F85F,1
855A67A9,1
F74A55CF,1
9EAE3292,1
2B46D52E,1
BF438753,1
C27A7195,1
A01E6903,1
7C46402A,1
00596962,1
F37AA637,1
06006655,1
C90DE996,1
42D3C5EA,1
7D354A74,1
1967CCB6,1
DD4D4FC2,1
4A13A9E5,1
B385C907,1
ECEFDC5A,1
F81C9F7F,1
4CE88291,1
22F3D11F,1
F3BBFD3D,1
645E4B70,1
59235E58,1
44A56067,1
A85A1A22,1
00839CFD,1
6A203848,1
4E86DE7D,1
7517B5AA,1
EC4E7807,1
FEE3FF2F,1
C83A3A2E,1
29395297,1
ECF1E618,1
3578B221,1
075B2DAC,1
5DAAB1AF,1
0E77B4F4,1
AEBB92D8,1
811E50A9,1
639B6611,1
167D6A8D,1
FCB601E9,1
611B51CC,1
B9EEF777,1
916508EE,1
EE66B88E,1
0C102F07,1
21494FC2,1
4B904245,1
2A22327B,1
54563333,1
D33E2EC3,1
C3E5DBDE,1
0FE12787,1
110FCCF0,1
48B7FE98,1
62E87672,1
C28A8D2E,1
5D6765AF,1
0EA00000,1
AECF3CE3,1
4C050544,1
520C7133,1
78576DF9,1
AFCB560C,1
EBB8A807,1
A04D54A5,1
1918EBB3,1
3FCD9330,1
67A6FC12,1
36D0395B,1
18B1B487,1
3A83F000,1
00D87798,1
039D6222,1
583CA888,1
4FDA9195,1
8EC8220B,1
6006D0DA,1
84A129AB,1
11EA17B3,1
FE2949CC,1
3D773D44,1
5FCF98C6,1
DB88EAF1,1
3B841768,1
655B4452,1
CBCDBB17,1
371FB67E,1
FF6F9633,1
417AACCE,1
BD342269,1
339B5E47,1
97713BBB,1
813BEA9E,1
38BB6730,1
BEDDB52E,1
F8854949,1
D7223AF7,1
2A6AB7D6,1
3A635212,1
7856046B,1
F39CD84B,1
63D87177,1
FEBCE1DA,1
5453B773,1
A3B19F39,1
259424CB,1
08253126,1
3DADFFF7,1
A9642936,1
7F9BAF9A,1
EA2D92D1,1
3D7D4204,1
F55B0ECC,1
96678998,1
0B5BAB7B,1
632080B2,1
A027B2C7,1
38AF389B,1
9B688D0A,1
0960BC00,1
36C1CC51,1
88DCD98D,1
BD5E0117,1
32D9D2FC,1
1A591CD6,1
DD5A1F65,1
1FD7009E,1
2B0BABFF,1
7CD1C15A,1
E809C2A8,1
11197231,1
96491164,1
B8EF6674,1
5931B55F,1
FA4EFAA5,1
BA8A82D2,1
7EEB1EB3,1
2BDC2C92,1
9E96A0F4,1
3CDD5A3E,1
A293E00F,1
2233DE5A,1
F9DAF786,1
F2D6A2D9,1
E8A86A5B,1
882852CE,1
A7F75771,1
B1BE5E0F,1
1C4CE458,1
11793445,1
D29B010A,1
64CDFDF2,1
19C6E7CA,1
26C88524,1
08054F06,1
68D70948,1
5FE6DD6E,1
F48038FF,1
2ACE7CD6,1
5077B5A5,1
2CD13550,1
3FF41F34,1
B348542C,1
677A2870,1
113F309F,1
7B6E05C8,1
79CB1965,1
5E683F77,1
6FE5E871,1
8FD4DA88,1
BCEEABB7,1
6EED5201,1
77156487,1
DD568C46,1
B92B76C9,1
216A4375,1
A69E078A,1
C8E18E0D,1
6EFBBBE0,1
4F70F4F1,1
1C50B451,1
E8448B77,1
218FF184,1
5F5AF9BD,1
EE29324E,1
D9424B6A,1
92E34569,1
67B6F499,1
65BAA56A,1
0C27FDF2,1
853653F5,1
E0B4E0EE,1
024D2314,1
DB315805,1
ADB7CA1D,1
B62E40BB,1
6240C7E3,1
5D88C101,1
BFED92CF,1
C7DDAB5C,1
E709375F,1
0A94AA44,1
AB1548EF,1
0E9EBBF3,1
E22978C2,1
D48EF882,1
9AB62A89,1
360C36A5,1
EB1F1CC4,1
0A77B552,1
45983619,1
BBD32967,1
7F700827,1
20712FDA,1
3D583563,1
10EE8CBE,1
78A38167,1
EDEA7A9A,1
8311E5AC,1
4F2678DF,1
1C7ED99C,1
CA8B702F,1
41CD81CC,1
CB5DCC55,1
8C134710,1
FC85E25E,1
333B3472,1
7464601F,1
47907977,1
267A741D,1
5D45AFF1,1
33E26C3B,1
08FCF4BF,1
1666D61B,1
EAA35B65,1
AB0DA598,1
E22D5723,1
3C52F9AE,1
C07C0D7A,1
2777897D,1
D9A3A377,1
77376C56,1
21217404,1
7727D3E8,1
8652083D,1
19FCD6A0,1
2A21545B,1
2977653A,1
0D7010E4,1
BCCC39DC,1
70D9A14A,1
FBECB240,1
2BD33651,1
BD81D7C8,1
DA9C784F,1
D7954AB2,1
E13EEA22,1
74E6CF34,1
FC868E8A,1
FD34F5BD,1
1954E481,1
7882F73D,1
F9B22D89,1
2906FF22,1
4EF80D3D,1
45343859,1
DB4BBC5A,1
525C3099,1
D82A81DF,1
86FC8688,1
0F22E32A,1
66893967,1
9501553C,1
F34346E5,1
0DE39EF4,1
A6CE66A6,1
E0439A5E,1
8DCD4186,1
53570C63,1
18562C9C,1
8A3A1661,1
89C5B0D5,1
A21FBD77,1
FEC3E03E,1
FF94A3AC,1
3E536FA2,1
DEDE81D9,1
9A7E1F41,1
422645B5,1
6A58DA00,1
30D822BB,1
8AB7F54C,1
7A9A2FCA,1
3ACB9A25,1
8E98A060,1
921E2220,1
448E2DDD,1
AFF47386,1
F788CF8E,1
FDE7B7FD,1
66C53F1C,1
5E926E99,1
737F2BB9,1
32E22E34,1
447F6FDF,1
59AB2E83,1
DB354D82,1
CBD252A6,1
4691CB57,1
D91A48D9,1
2348E78A,1
9CB29208,1
1F0B0570,1
237F5D9E,1
7E6184BA,1
17F4EC6E,1
66A46887,1
9247966E,1
1914BDB9,1
08AD0EA2,1
69E7B1B7,1
8EB2032D,1
4CC7F4DF,1
50A6B9C6,1
8ACAFA89,1
58066F0E,1
602C04D0,1
CA88AF23,1
C5CF0CA2,1
1C817469,1
79105D00,1
75DC51E7,1
CE13C7C9,1
C49F1D97,1
55A6C301,1
0DC0A85C,1
FA7DBAED,1
87001D61,1
36EA30A0,1
8DEE8415,1
F03A446C,1
E03BB0B0,1
959C5155,1
5620CB4B,1
916A395A,1
E3A6E195,1
18A79827,1
3F36F4B1,1
93FEE9DD,1
2B702578,1
06110A80,1
1824D871,1
2D1154CA,1
952B30BF,1
51EA0717,1
C2DE2C62,1
F0EE6EB6,1
3BD1F8B4,1
EC49EE6F,1
64F511F7,1
765FF597,1
4BB9D44E,1
0072B7A7,1
232A8525,1
FF39A97D,1
CE4DAD0E,1
6DBAC060,1
2137B8AB,1
CC537F07,1
BDBBB5CB,1
154A0C12,1
9E05397F,1
5CE88598,1
C72FF5D3,1
79A4E73C,1
FF8E1F11,1
DFBD3D71,1
A2337FAE,1
1784C707,1
BCE16916,1
C1758768,1
339D883E,1
1315E763,1
5E311241,1
9A514E3A,1
32B42275,1
404C3A5D,1
3FFD4FF3,1
93FA8FD8,1
0B385570,1
64E806AB,1
314FEF18,1
BA79A927,1
68B508EB,1
55B9B3F1,1
AB489AC4,1
85F7706B,1
0EB0DAA5,1
EB7CBB75,1
A028728D,1
2544552E,1
8EF00FB9,1
1B8B66CB,1
8728D722,1
E62C02F7,1
781A0FB4,1
28864623,1
77F22B87,1
4656A4B4,1
D33293BD,1
7D97BAAC,1
35DF9DD6,1
247B5F42,1
D5C27290,1
C28D8383,1
1063F1A1,1
A0A0A5A2,1
74141F6F,1
BE17FF39,1
8E1DD8A0,1
ADA5AFFC,1
EF19AB27,1
A24099B5,1
7CBD4E77,1
C9077942,1
00874840,1
507AA44A,1
C425ADAA,1
29469DDD,1
BD193B01,1
0F38BBB0,1
296EC562,1
AB6689D9,1
B3C68239,1
888B0FBA,1
32CB6963,1
4C43C241,1
3134F187,1
F10D322F,1
B62B139F,1
D239329D,1
AA3256C0,1
245A842A,1
71D3BFA8,1
0B254A53,1
1822FF43,1
C27AB97E,1
7F95D29B,1
335A5C44,1
7BD92B4D,1
552F8DAA,1
62FDEC2A,1
064D1ADF,1
387AAA83,1
B8D3E7DB,1
0D296035,1
F87F9EA8,1
3835AF6A,1
9C182BAC,1
2F1BFB36,1
91F9E9EE,1
B450CA20,1
3778BBED,1
BC7B5D03,1
A298DB6D,1
317C0EB1,1
6DDA83B9,1
1E138039,1
C5539F99,1
86C88BC8,1
29552D24,1
5679A733,1
8F11BB42,1
F113C353,1
D66D3DDE,1
072FA26A,1
5DDD87EE,1
41355FF2,1
1FEE0825,1
835C2228,1
E61003A5,1
F0FF9461,1
866F77E9,1
786682D6,1
0BD79747,1
22B582B5,1
6C1C8A69,1
C9334831,1
0D899E94,1
DBF444A4,1
F1140984,1
346A38B8,1
4FAA68FE,1
7579CE4B,1
A64CE3EE,1
1B988D9F,1
D8314867,1
0E940BAA,1
999B355C,1
3600D22C,1
877E8913,1
8AF43236,1
BD4D14BD,1
06580632,1
8BE6048E,1
67787D49,1
EA5307CC,1
CFD54464,1
954A2BBD,1
9E134F2B,1
2145D3DF,1
066516E3,1
B15077FF,1
810363A7,1
49D747F6,1
0A17AA0D,1
FA32E6EA,1
530BD5EB,1
2910F66C,1
B782FBEB,1
CF3AC8F0,1
B31EA916,1
9E2C7E3D,1
339410E6,1
8D99E1DB,1
9AE6A728,1
82987545,1
53304C22,1
778A4E71,1
96D26966,1
0645F9DD,1
97330337,1
78332C1F,1
E338EDEB,1
C1FDE5C2,1
1B8424DD,1
45B58148,1
DBFAAA3D,1
755FEEF7,1
5B4409F7,1
AF498AE0,1
2AF72567,1
7FFD9126,1
1F92F8B9,1
C285CA8B,1
5BC6F62C,1
4F0609F3,1
AABAA5AA,1
2FCEE9B1,1
17E89DD4,1
D5ECCE88,1
66F379AB,1
6E4E9FDF,1
CA648699,1
1B968B65,1
DE3ECFE3,1
C5B81111,1
7462250D,1
9431D064,1
63CA7AAF,1
73789818,1
CEB8F4BC,1
BD33AAFB,1
66AF4A6A,1
A86A5259,1
338836D5,1
ABCC0268,1
0909E852,1
F190E004,1
58CEE88E,1
AE99DDA7,1
75D7847A,1
EC7923A3,1
A46D1461,1
399891CF,1
1F654B5C,1
B350AEE8,1
E6E5C626,1
3BE3517F,1
3E7AC9C3,1
E33106DF,1
BF7349FD,1
CA0196C1,1
F9A1DDCA,1
55266641,1
8AB0F8D1,1
E6934155,1
5FFFEF5A,1
3321927F,1
27D95C79,1
4BA3833B,1
252B86AA,1
4EEA7C88,1
89207924,1
858A1B71,1
C17B17BB,1
E8E198C6,1
7F69D5DF,1
867BF173,1
8A25DD3A,1
45A40121,1
68F29629,1
9D455B5B,1
BE9C0CCE,1
BD7D816C,1
130A4E8A,1
ADF01525,1
1611A660,1
691366D9,1
9D1C66C1,1
A0D99AA1,1
DE54EE63,1
101B9908,1
327E5262,1
EC927C84,1
E9467A5A,1
7583B7EF,1
267C26F4,1
96B76467,1
FAADDDDD,1
66D5C7D0,1
1705C41D,1
874784B6,1
2C1F1F61,1
04BE4600,1
D3D5A3FE,1
C68C1C86,1
35665A03,1
5DAA25D9,1
D87558FE,1
409048C9,1
417154A7,1
70B72582,1
546F30B9,1
DA505136,1
30221217,1
56EBFC51,1
AAFF8B3C,1
9308BA39,1
5401AA1C,1
43CC5D9A,1
92317365,1
F3F54C6E,1
3FB5198F,1
D2820E6F,1
A6F2D1B4,1
D4C6EC57,1
D7F3C860,1
32A80960,1
300B68DC,1
FB069104,1
D674DA2D,1
FFD8C508,1
C9554589,1
65586349,1
FBE374C7,1
D00334C9,1
CB3A5557,1
37996F23,1
B0E378E7,1
F0429822,1
5B5E7B4B,1
D43E3318,1
9571AD16,1
3F0375B3,1
F0F7205B,1
F6EF1DB7,1
D5B76D46,1
E42CBBB2,1
D931157A,1
E41EEAE1,1
C03E3991,1
2B30ACBA,1
7C782424,1
21204A62,1
19933678,1
F0CDDE49,1
8F53D62F,1
66565CD6,1
B346C912,1
3EA45C09,1
7DDAE6AF,1
5C6002EC,1
16023F4F,1
D2EF8F5F,1
C4EAA94A,1
F1646BB1,1
0BB0E4B9,1
F0553DFF,1
B1FED8D5,1
B9A97FE9,1
6E489DCB,1
C1D7945C,1
22E00B3F,1
A3AFAAB0,1
423F61BD,1
0022B88D,1
0AA095C6,1
307D1957,1
2F0F6507,1
F1B5CA70,1
8BD95B81,1
F7B7CEA4,1
3BD78FE3,1
11217BA1,1
909F640B,1
4FA8AE0F,1
C48A0C2C,1
FFC5F78A,1
B1567719,1
575292E4,1
AA5CB39D,1
2DC0D037,1
BCCD3E02,1
16C77385,1
FC308543,1
BCD375DC,1
114B5A8A,1
7065D6EE,1
B53F22D6,1
D9626F0D,1
F3916F99,1
33E0E6E5,1
8AD344FF,1
BCACBABD,1
F81687EE,1
0F5063A5,1
88220D43,1
B44109E8,1
039D8006,1
EE1774E4,1
7CCECC36,1
E159687D,1
5B66338F,1
3B033D3A,1
B076924E,1
558E455B,1
7007DD33,1
0FD87FC3,1
8C948868,1
E7DF42E7,1
181FE03E,1
0B042425,1
2981C8B8,1
45C506E0,1
38FE453D,1
186EDD8F,1
88F9FA9E,1
6F7F074E,1
CAE288D6,1
5AA2654E,1
22DE1722,1
4433D342,1
4B77500E,1
BCAF1362,1
D6CFF060,1
A6967D1D,1
840F8B8F,1
A830198E,1
23ADF2AA,1
32D322D8,1
337833CE,1
EB7C6E4C,1
F1F30FF1,1
0239806A,1
A51890C7,1
F742A277,1
011BD77E,1
551D4E13,1
03CE3B19,1
4E7DCFE6,1
41A32A34,1
38BAC743,1
BF3333CA,1
B55E2377,1
0407108D,1
C7179004,1
8D719F0A,1
FC7132B1,1
C6F4FFF7,1
91D4A915,1
A5D1ABAD,1
C87181BA,1
C2ED15BC,1
7F7B2D82,1
25CA9313,1
BD8F7BAF,1
C51F0881,1
1F0F3602,1
A1E6E96E,1
E1E9ABCE,1
F7DF9394,1
D8EB254A,1
93BB8495,1
5C753DAA,1
7BF75CAC,1
2BAA5FD1,1
3777015C,1
A061230A,1
AD33AA1A,1
7994AC7D,1
89FC9C01,1
3876FF02,1
506DA47C,1
DBBA2160,1
CED9EB00,1
D588AC24,1
4140BB49,1
2B3A358C,1
3662F958,1
74F4D3A7,1
F71EE4DE,1
C2B02649,1
35AE8582,1
3D18671C,1
09595100,1
FFCBBD46,1
E29833BC,1
3A18B323,1
BE833B22,1
A9BAA525,1
BFAD52FB,1
0D3C1094,1
F2D27172,1
4AEBD07B,1
1EA42227,1
19D8CECB,1
F212E251,1
286BF66C,1
8DB8BBDF,1
7D272838,1
32174892,1
0683BA4B,1
E421A535,1
B9C1227A,1
0E14E16C,1
4EFE145F,1
305054C0,1
BC553221,1
A0DD639A,1
6C511803,1
B2931483,1
6C966669,1
B77D26C8,1
9C797DDE,1
667CB066,1
146D858B,1
B090605F,1
FED6C1FB,1
009EA099,1
0076D20B,1
6CE60706,1
5E083344,1
665CFB5F,1
85986C3C,1
2E333781,1
BBAE5657,1
6F3423C0,1
1E3A557B,1
8D389FC2,1
4B920A2C,1
E5A6A5E7,1
2A121A92,1
D4558495,1
5B5BFBBB,1
0E935053,1
A8678686,1
683D2102,1
8DC8FDD0,1
CA1BBAAB,1
1AF780AF,1
6AF9D667,1
7B0A0280,1
B67E625A,1
18FF79F1,1
5F725776,1
D2D21F74,1
980DABCA,1
AAA321C9,1
97F815D1,1
0B5571DC,1
EE5298FF,1
1F005AF0,1
FB281DC7,1
5674CA9B,1
7D7DEC53,1
875F84ED,1
1C8E099B,1
88D790E0,1
7E4E8A2D,1
B1B52CB1,1
75B3A455,1
66664D60,1
18805A55,1
4663665B,1
0A88E57D,1
2DDEA9E8,1
F1BEB8F2,1
7DAA42CF,1
F90A7AA2,1
61BB3A5E,1
8638AD88,1
932CD2B5,1
8A21294A,1
0789000F,1
E671F37E,1
D10D3770,1
64E8D94A,1
87BAEBC2,1
38A5EC0C,1
52695C55,1
70740777,1
660CEC60,1
5A65DDBE,1
040BF564,1
0E870DBD,1
BDD9826D,1
09865103,1
81B3341C,1
767053D5,1
B7757738,1
99B5AE7A,1
D40FAEAD,1
9B0795CB,1
B642B17D,1
0FF6D461,1
40B41591,1
034FE1F3,1
5650F80E,1
585B5472,1
53650883,1
55DDA53D,1
B7F4AF68,1
598F8238,1
8F477673,1
7D197F49,1
FBE49652,1
57D7D991,1
B18D12D0,1
0C2805A2,1
91CF910B,1
708CFDD7,1
987313AA,1
A8FBA936,1
E301510B,1
C8A264A7,1
14041000,1
6926F687,1
6545CEAC,1
29213148,1
18417589,1
2507B725,1
15776797,1
A009EEB5,1
49B8E339,1
0EBC0E11,1
CA056CBA,1
8B319863,1
092C9D7D,1
3FB7ACCC,1
B08A6E67,1
83F899D8,1
70337A60,1
5DC251C5,1
E7107E10,1
121EF249,1
7D254474,1
A9388BF5,1
3B0C22C7,1
59899539,1
C8AA3037,1
221FB21E,1
C2443B24,1
E4581ED5,1
87A332E1,1
8171015E,1
8540538C,1
151B2111,1
3E9ECA8A,1
DBD558BD,1
6FC21C3B,1
218729D5,1
234B75D6,1
D371430E,1
00410409,1
87BD2F32,1
0480AB76,1
7346CBCC,1
E65BEB22,1
E24850FB,1
24F46683,1
C83E11AC,1
3A3B94AF,1
A553DCCA,1
16000062,1
50D17581,1
9B80C4EC,1
821EB2AF,1
055F0523,1
902DC20C,1
21F114AF,1
B01816A6,1
D06BC003,1
72BB2283,1
DB06F52A,1
5754095D,1
2CC35BA7,1
80F0B065,1
A782CCA7,1
28A24251,1
9EB7EEE3,1
7D2BADB5,1
659B6EB0,1
6CDDEFDF,1
F413AEF0,1
AB9BBD42,1
E055F0E8,1
6FF57997,1
F89DB3FF,1
229AC094,1
D53C0B33,1
C8840C88,1
7ADF5EFE,1
F996F7B9,1
EF6E88B1,1
8035606A,1
51768824,1
219C11D7,1
6F2AD0EC,1
52002FE4,1
D7B30A48,1
BBA40924,1
5E518549,1
CE0C8CCB,1
8C4E2CE8,1
7D19FABC,1
230D3A2B,1
8D3EC88D,1
D21D50B0,1
F6F0607C,1
A894F339,1
F4D45D6B,1
0604A64F,1
5AA70072,1
2609E2C9,1
53698E12,1
E1A8E341,1
473978C7,1
DFA2FA4E,1
9A65906C,1
2D3FB60D,1
951E7FD6,1
A2B326CC,1
BAD1F2E6,1
0E338E33,1
77CCBE19,1
145FF50C,1
CEE0F0FC,1
49C6CF9C,1
D981AC90,1
961719E6,1
3C4AFF24,1
95969061,1
2AFF1275,1
AF625BD4,1
2982A3C1,1
B0206FCE,1
2D085237,1
E1266330,1
B61A27F0,1
797CEC08,1
E4ED5BD5,1
0D2A82D8,1
3D81D2CA,1
97B9DCE8,1
D83C3D4E,1
7280D33D,1
00FFF848,1
F9C9BE8C,1
5DA747FA,1
4B0EA6DB,1
9C7CE45E,1
98BD7FBB,1
CFD4A988,1
69A91E61,1
028842CE,1
A49D2282,1
5E44A444,1
C88C040F,1
6D274D5F,1
754EAA4A,1
A4463338,1
B08F51AB,1
02416974,1
3F92A9CF,1
B8AB118F,1
1B45B760,1
DC98C1B7,1
8F6DF325,1
E221A471,1
DD142BD1,1
C330C77B,1
10577052,1
95CA9977,1
068133F3,1
323C3BBC,1
A244DA1D,1
7BE604A3,1
E68F76B4,1
4797C4EB,1
C0DEDC7A,1
3A903343,1
B6B17010,1
5214D115,1
9E1975BE,1
94D00086,1
0BBEE0F0,1
A3D0B207,1
258E4255,1
3F47F843,1
D1B44C2B,1
C01036DB,1
A5CCDBC4,1
CDE4FEA5,1
5E79D6C9,1
96943955,1
7C6CB62C,1
12992A41,1
C6D663C2,1
876B5F81,1
4811A68E,1
2680FC00,1
E01C6FC6,1
5685AC44,1
74C89390,1
78ABF770,1
9DA19DF7,1
944BD287,1
605650EE,1
A7303FD7,1
8DEFDF46,1
78D00A8A,1
9FE458BF,1
9B394436,1
AACCBB9A,1
346F680C,1
15E97DC0,1
D2FC3344,1
53654FF9,1
A1D9BA2F,1
1BD13BDB,1
55955439,1
E29B4D9C,1
8DE8FE7D,1
97F3E76F,1
90CAF0D5,1
9C9D6990,1
C5142EE7,1
285B6E13,1
C8E55F0F,1
36984E49,1
C99CB42C,1
ADB2BB0D,1
8833EF38,1
D9650310,1
3347E4C5,1
296A4AED,1
BF341020,1
D3188883,1
D5A0EFDF,1
8E90EC5D,1
336820E8,1
BCC4F9C7,1
97EE4B06,1
C6C3983C,1
F74742EE,1
7B8045D2,1
8EE639F9,1
37ED7A74,1
218453CD,1
5440F552,1
7F4AEAEE,1
348E1CAA,1
17EEE87A,1
0FC002C4,1
166CC571,1
B9D1B6D9,1
B552F65C,1
33A38A96,1
6F4E6F1B,1
71E21BC8,1
1CBD235D,1
F82782E5,1
005443D5,1
3DD14DDD,1
E1912D97,1
AD2F72E0,1
76E05DD7,1
664A4B1C,1
7D4172D0,1
C3AF78CA,1
81B10921,1
6EF7CDCC,1
33A71B85,1
D3249049,1
75A22F0F,1
0A4A6C51,1
8159C310,1
32A79464,1
A1ADE229,1
35784736,1
9B4E8DF4,1
60030F66,1
F25B9F1B,1
824E3A3B,1
AF9AC903,1
E4305089,1
F85998D9,1
C3D2F3EE,1
CEF38BCC,1
E5DC057B,1
420C008F,1
58BD4954,1
777949DF,1
C213BBA5,1
55192140,1
6A277DD7,1
C5A9A7D2,1
F8A4745E,1
98FFA970,1
71797E11,1
7BB776C7,1
E123B9DB,1
485FE126,1
BF0B2A4B,1
947D2185,1
4CEEF16B,1
76042621,1
456243A9,1
7C5739BE,1
2E48CF87,1
AD4F363F,1
89CF3A8E,1
1FF66BDE,1
BADCCA0F,1
441A476E,1
0B3C36C6,1
50ED707C,1
1CB4C89E,1
BE003431,1
AFDC78A6,1
A66DAF50,1
AABCBDD0,1
FC1093E6,1
F1A55F2D,1
DEB9CD00,1
4E0353C5,1
CAA5577B,1
73E89813,1
18215135,1
5F651F2C,1
28854854,1
9AE4EEFE,1
D362EFA2,1
09FD56DC,1
485FE8A1,1
55153266,1
4D86B46D,1
16948042,1
C162E7DC,1
960BB910,1
15C041A0,1
B7E22B7C,1
23689298,1
40AF54E0,1
8BEE52E0,1
C0008701,1
F1A7FABA,1
D11CD1C7,1
13E53A7A,1
433C402C,1
18B853D9,1
2FD00F8C,1
41BFA455,1
9B5314B8,1
EFBA9BCA,1
BB03DFFB,1
C3F3F355,1
7E7A64C4,1
02799583,1
3F193D77,1
B7A55272,1
78882676,1
F7C36DF3,0
7B488BF5,0
F8F907CF,0
778F3F6E,0
7DA7718B,0
92281818,0
9214160D,0
4C8FC734,0
5A782CE1,0
A78770FD,0
385500BE,0
06CDC05E,0
99234B97,0
0F8BCFC2,0
DB040B80,0
98B5B889,0
E0B39C90,0
489B0883,0
A65F4EEA,0
2BDBDBC4,0
7D23A5D0,0
DE40FCD2,0
B85B6855,0
D8C991CC,0
DCB6E188,0
2AB03AF0,0
965EBB8C,0
120E171D,0
B46498ED,0
9C4E09C0,0
6075EE55,0
AA9C4F59,0
6EB96FD6,0
332FF1F2,0
BE013A01,0
CCDFB7BD,0
E7B25FD3,0
98459430,0
995C5479,0
17B3C252,0
998D608D,0
529A968E,0
16D27469,0
AA5112A3,0
1DFD9499,0
F382666C,0
DC421F59,0
32138686,0
3823807A,0
D064B83F,0
C572DCAE,0
49255E97,0
A65C5356,0
D98DC09C,0
F6D24E2E,0
6FAD5929,0
779E8E85,0
027EE55A,0
887D428B,0
6BB853D6,0
D418740B,0
0829A4AA,0
1A0DA9DE,0
816BBD1E,0
97FBEDC7,0
8A5ED886,0
3E72F249,0
1F732F8F,0
1694436B,0
A2A2AA82,0
33D215AD,0
3EB29AE2,0
AAA6131E,0
93332301,0
965FA8E5,0
C3666ED0,0
66BD3A93,0
FA970C79,0
AA23E97A,0
F8A6DA6F,0
5CAC5BD4,0
27F11176,0
BA7076A0,0
637645C4,0
3F1A532D,0
05618C05,0
0D54867A,0
54EB7049,0
7738125D,0
B28FDB75,0
8E4B7877,0
2B234142,0
8790027E,0
17A3AAA8,0
086E6708,0
19B6681F,0
470A939D,0
A3ACDC40,0
CBFEEBB7,0
D1B49DCC,0
F244BFE3,0
83C262B3,0
72BC663F,0
6253E325,0
5F54EEBB,0
1C85177A,0
6FBB3DE1,0
B5C8F0CF,0
B19E108F,0
2A990053,0
415E87EA,0
608A2889,0
0ABB4199,0
F4FA2E0C,0
6019B125,0
C91EE702,0
9274F4D9,0
3E3BB448,0
57126F02,0
F7DCD9EE,0
D60A99E4,0
95885E39,0
A206C599,0
EE08E7AF,0
AA0B2EBB,0
CDAEAC5A,0
5D4957DB,0
357AE7AA,0
E9D596DF,0
CD9C4B6D,0
8B65A487,0
720489C5,0
4D944361,0
7771FB81,0
E58A01D9,0
AAC5E6A2,0
AF7F3FCF,0
5DA45D84,0
FDFD4B17,0
C3EEEA3D,0
3FDD7007,0
86F828D7,0
ECB3B91E,0
6C9344E4,0
52CEDA14,0
6BD0D65A,0
B16F75A5,0
F7D25372,0
EDFD0FD4,0
5BEADCDB,0
6DA6B0EB,0
C6E695A3,0
71191A2E,0
FDF29AC5,0
D110A019,0
43437265,0
1AE79314,0
C61118C9,0
B628D8AB,0
8B31186D,0
BBBECE10,0
522EFE09,0
0D7B0976,0
47158CC7,0
411B23BD,0
DF1DDAC4,0
0DB4704C,0
B3B2BB79,0
78FB6C76,0
1FAB21E1,0
2F969839,0
C516C979,0
E781A0C8,0
60F88FF1,0
4209A46D,0
44814D87,0
063A9CCF,0
7FF2697A,0
520522CB,0
CABBA9DA,0
4F1E1AB1,0
DBBB11B3,0
05098108,0
50611010,0
A5822567,0
F35FDFE2,0
5FB6FBB8,0
EF874758,0
B89D8F83,0
2598C39C,0
340C8C74,0
E33394D0,0
02B9D00A,0
F292543F,0
2CA0D4F1,0
9FB05CB7,0
5C6C8C97,0
4DDB45A3,0
78DFC5D7,0
C1C5C012,0
3381D44B,0
6B0A0753,0
688399CB,0
BCC45A1D,0
331A6556,0
2C3D46DD,0
DAB38263,0
6D6BB871,0
140BCC11,0
F79E4F7E,0
4E7F262E,0
4971E7B0,0
53D44F92,0
B038338C,0
DF3A7082,0
10B1DD4B,0
5FC558DA,0
9031A03A,0
73CFBEFC,0
7A0FD9A9,0
B585945E,0
C1AEEE7C,0
3B728CC0,0
2DB91187,0
DC522DDA,0
DA3528AB,0
C125100C,0
91B7C9B8,0
3AEAC70A,0
AE2A381D,0
C6CED994,0
E753EE0B,0
35776D0E,0
3E4D1FAE,0
5BF3B862,0
BB24F45A,0
C88D02FA,0
144F7094,0
537F57CF,0
FAF41731,0
2F42C75F,0
60AC6491,0
815FD166,0
9C45CBFF,0
C35822CB,0
305DD7CD,0
0CC12CC1,0
111CB656,0
70085BC1,0
F92DCCFF,0
C5520DC6,0
744C43A2,0
61611565,0
6C57CF44,0
95582779,0
D6A6022F,0
C470976C,0
8845F6B1,0
35C39334,0
806A25FA,0
BE010B08,0
F4B1DF48,0
2AC600CC,0
B9948199,0
B67D316B,0
0CE43B30,0
35F18D6F,0
6F265472,0
DEC024E2,0
AB099697,0
90E33E2B,0
14944111,0
74FC287C,0
0AADF0DD,0
0FD7BD53,0
FD222FF3,0
368B6A49,0
18818F86,0
EF4A3ED3,0
7E36BE57,0
F8E7567F,0
BEA5AF22,0
06285BBC,0
1692511E,0
35492453,0
EBD424C0,0
AD5B2090,0
A3F6F010,0
79DAB913,0
82C25AAF,0
4365DA23,0
64886BC3,0
66E63A96,0
B8E9DC4C,0
6408B282,0
003FB84D,0
A19372AD,0
0D5BBF59,0
277EB549,0
9D16001F,0
AA1AAC4D,0
78B216E9,0
AA3BFCF7,0
D8878A1A,0
F9D5D5F7,0
CDA9CAF4,0
1021C348,0
9082C5CA,0
85B541B5,0
762D60B6,0
F24A4A29,0
13062E76,0
39DA6C11,0
2E2AAA38,0
9983D828,0
171589F7,0
11FF1AD5,0
8698AE8F,0
9B98D7A0,0
69BC9BCE,0
8F8531BC,0
65B0BF96,0
AAAFF443,0
9EBD2E02,0
0B4A41EA,0
9EFFECFA,0
A9FC7E4D,0
4C49A2C4,0
A71F8B4B,0
EF292635,0
F1CA0EC3,0
1FD1A311,0
4774F36F,0
73BB65C6,0
4B55FAA2,0
4B52EE06,0
CE31993A,0
4C0BD470,0
B381FBAA,0
3A4ADA53,0
19C19AFE,0
7B1D8397,0
4AD6EE1C,0
23EDDCE2,0
42382F81,0
4045A656,0
46DD28BD,0
3AE0E97E,0
69B5B4CD,0
6EA8505E,0
2F00E8F4,0
4BC93C44,0
10BEF029,0
D1A15F91,0
A3AB7459,0
1CC5FF7E,0
47E4370D,0
C3909E84,0
CEE2A933,0
7AC076C4,0
48F0F1F6,0
251CD2A0,0
69A8FFBF,0
E3B5B9EE,0
E28488EC,0
93C5AAA3,0
FB86E930,0
79E3A265,0
1534BB4E,0
613BA91D,0
0227A361,0
D278AB41,0
A1417D77,0
D90016F0,0
E92AEF9C,0
77821368,0
BA90BA4A,0
55E984EB,0
DD9D79BF,0
8600429C,0
6DE18FFC,0
498F6045,0
06647CB7,0
D35C5C3E,0
08FFACC1,0
22AB2B16,0
FF930D92,0
D69D6852,0
7D65CC8E,0
5501768E,0
09AD0AE9,0
9311D040,0
6D86EE8E,0
A0E0E92B,0
4333A158,0
93CBD6BB,0
7B993C7B,0
A2F333F8,0
B512A73B,0
CB587495,0
700FB3CB,0
F62A6861,0
DC62EC43,0
81DDC6F4,0
EEA2E7ED,0
111F122E,0
A5B5DA42,0
C1CA9B21,0
DFDF33D6,0
497FEEF9,0
A37AC80A,0
E380802B,0
E41075E7,0
AF5B6B05,0
32C6556C,0
0D0BF5F1,0
03E753A3,0
3CC73A4A,0
DB67EADA,0
A8AE89A2,0
754DE5D3,0
019CCD11,0
296B30D5,0
FF3EE5FB,0
5EF89100,0
6ECCF0A3,0
2A5ED56E,0
F49333A0,0
7B10B449,0
5D679247,0
265555D7,0
B0A7078A,0
0A557C73,0
C5B0AFEC,0
1E4E4D91,0
3EF4C3C7,0
7B92AB8A,0
69F291E9,0
37E58730,0
E9BFA7F1,0
21CA81B0,0
DD86C8DD,0
16699DCB,0
F6D72C21,0
5E0CE8E5,0
BC5B70DC,0
48AED4FF,0
01D8CCDC,0
B1D8320A,0
EFE7A7BD,0
861D876C,0
3B8AB03B,0
7D8CA34F,0
A6583508,0
1120DFF0,0
FBF0449D,0
24C3820E,0
EECD88C2,0
22705421,0
19B2B115,0
2522C3EF,0
8F91F87E,0
97ADA966,0
E3C49C21,0
EE0772CF,0
21610C87,0
72A3B950,0
8C5EE2CD,0
07E82200,0
4D298ED8,0
FCC8D6DF,0
CCDFA02C,0
A692820E,0
813BFE18,0
EF1F2464,0
D24D2817,0
5B37C595,0
19A27764,0
4EA5961D,0
08047A05,0
6469066A,0
057B1AE1,0
FA832835,0
31669499,0
95F8FB29,0
A737AF99,0
2FBF65F2,0
9BB7FC4C,0
724193F6,0
0B1EECA3,0
C003E21B,0
F8AC8943,0
CF6A55D3,0
D9B2D367,0
12B89926,0
20E68182,0
9E42E04A,0
CB88CFB6,0
2F42C937,0
94CE3EF4,0
0BC00DDB,0
10C2ADFD,0
22D62402,0
89C999AA,0
5548807C,0
423C01C2,0
D4C82C66,0
58074765,0
4977447D,0
13C344A7,0
D3C23A97,0
FF06FF16,0
AE27797A,0
4857DDB0,0
2CED78DB,0
38354778,0
2702C404,0
FF4C7CF4,0
8328B2CC,0
F15F820F,0
93E33B02,0
C46546E3,0
B3ADDB23,0
E99C5385,0
090F7EE3,0
E57C3CE6,0
1991810E,0
5D5FDDF5,0
EC2C2DC2,0
EEEB90BA,0
A96819A5,0
37D41A4D,0
6807F342,0
55D14665,0
BC154A3D,0
CF0FE5ED,0
D38AF022,0
1CF680EB,0
81BE2FF5,0
91058216,0
8279A48B,0
477345ED,0
F4E21A2F,0
375C23C3,0
10CF6000,0
B19D89B9,0
1BE3A81C,0
A3FCF5EF,0
26DDDD93,0
11811166,0
17EEFD71,0
6957B744,0
12602966,0
5A858311,0
1CD05BDC,0
1BEB6712,0
DCC3CBC2,0
F7AB3B47,0
385EDADD,0
226BE99E,0
8E18D071,0
B8120ACB,0
53C23022,0
6BD1A5E5,0
F78C9E8F,0
666705C1,0
DA4FAE37,0
E1B939FB,0
F5EDE038,0
338E6153,0
BD91134B,0
E87C9061,0
A8D4FF1A,0
C279E267,0
A0C54665,0
1DE31954,0
7859A889,0
301D6E29,0
AB755CC6,0
DFD781A8,0
26FDFFFE,0
63A1B6DF,0
CFC15F42,0
1D909A20,0
78B97994,0
206FC1CB,0
3B992358,0
7DCA7790,0
B6A6B169,0
64475466,0
3909473E,0
CDD2BF9D,0
3E86D81B,0
92FB79BF,0
EB0983C2,0
BE5F0083,0
7F3373ED,0
D468327E,0
53CA657B,0
9967B7D2,0
C9D86BD9,0
EC7D7E7B,0
D05718E0,0
44F6A5F3,0
4004E047,0
449CF938,0
612524F9,0
81EB8E64,0
E1969112,0
B5A88972,0
C0C7FD27,0
E2D29E13,0
D1F014BF,0
C3BBD422,0
EE41C4D3,0
8DEDBEEF,0
197CB8B8,0
6EEE427C,0
33256E72,0
279EA2AB,0
37E1AE5E,0
99895C2E,0
A2742D2F,0
98EB88EB,0
F384A292,0
4BE5D328,0
6DD3B1F2,0
FFFFF228,0
CE79E986,0
D38D38D4,0
5E07F05C,0
86A26050,0
684237BA,0
3C13860F,0
2A57AAB0,0
32C9BC1D,0
A1F0203A,0
4E979B1B,0
F4BBEB96,0
FD828B5F,0
885E3ECB,0
8BBE6202,0
3E5F5B20,0
C43D437B,0
C76097BC,0
38AC7B38,0
51053170,0
B9677B61,0
6EE6DE66,0
6A8A3890,0
F7E2CEEA,0
52FE6B8F,0
E07DEC3A,0
FFBD9FD4,0
A397998D,0
2802A3E3,0
DCD33EE6,0
E9AA36F8,0
4E35B180,0
1D01D26F,0
A606FF1A,0
B1D80B2C,0
D5918EE8,0
A76FA83D,0
9187EEF2,0
74E03A9E,0
2F1B402D,0
E54E8A15,0
8C8EC72B,0
E8C0EB02,0
769DFFD2,0
65F3A178,0
30C748F4,0
110B167F,0
F544CFFE,0
C1ACE6D2,0
64F763A7,0
F45CF55F,0
48E82767,0
5E7E443B,0
7A08A62F,0
AC450014,0
38FCF2A0,0
461EBA1D,0
6509C965,0
8FB3C288,0
F4A40095,0
0888AC45,0
E8113984,0
18946A03,0
F4FFD9D7,0
4B42000E,0
7CB704AC,0
5A01C577,0
9D152197,0
F3F11EEC,0
9007C9CC,0
089202F5,0
B254B236,0
F7E9D4EF,0
975DB04B,0
43043DAC,0
0F762E11,0
A17E0882,0
89B95CCC,0
7F817EA0,0
1B47A1B8,0
597C16A3,0
8A09433B,0
6E664012,0
253B477C,0
A733A736,0
90B2FE46,0
BBBB0BE5,0
63597EFE,0
BA530055,0
B485644A,0
53224CAD,0
9FFCDF9A,0
6ACCE8A4,0
7AE5FAF7,0
D8206AAD,0
E4B6C4C1,0
673B1054,0
FD387FF6,0
1564D959,0
FBDA28E7,0
85912FF4,0
EEAA30BA,0
CECB88D8,0
3EDEED80,0
FDB17C55,0
64FAC98A,0
68C183E5,0
75D32BAA,0
5AEEEAB4,0
C0484A02,0
7D92EFE7,0
D7B3BE44,0
761B44B3,0
1A3A0BAD,0
FA37A0F1,0
897BB9C0,0
CC084020,0
8763E141,0
FFCAAACA,0
4F19C489,0
05B0F14E,0
BAEB3393,0
A3F3EAAB,0
0BD3AF57,0
008C845E,0
0BF2BF1F,0
054E7850,0
60472B74,0
BB157E91,0
A28CC0FC,0
7C7C7AB9,0
9880377E,0
61F8300A,0
FB55CF20,0
8F03E85F,0
74196A54,0
36330EFA,0
1ACDAF9A,0
B610102D,0
1F11E833,0
999C7996,0
4F362D25,0
D8B686D6,0
80680889,0
D49AF951,0
E287FEDD,0
6FF010FB,0
D0044BFF,0
250EEA51,0
366359D7,0
32049CCD,0
D1D7E22F,0
999295B3,0
C77B7358,0
00E89EC7,0
D3D290A2,0
33B8F3C0,0
A25B5149,0
015C19FB,0
8DF1C72D,0
E2934AEF,0
27F9619B,0
1C591199,0
B0D3CD6F,0
ECC6CFEE,0
B1C3AD11,0
AEB9B6A6,0
9A63B66B,0
5F822273,0
818E202C,0
77098E55,0
C4C6B0FD,0
448754C7,0
339BF235,0
47C66A30,0
7D0DF2EC,0
50F87C3D,0
806FDAAD,0
33028200,0
1DD5DD1C,0
74AD7972,0
0784BC44,0
10311EA0,0
2729DEBE,0
5D11DF06,0
29922FFD,0
69565D39,0
0A99C3CE,0
BDF474D8,0
C4F2C8F0,0
25E58AB4,0
D71B871F,0
4D34FB07,0
C0D336F7,0
9E39DFAF,0
75E5562B,0
D7771F38,0
1C85D48C,0
D3E2F2CD,0
7F7F2273,0
1EAACCC4,0
02438F35,0
10914107,0
D23300BD,0
71AC9395,0
12F481D6,0
58FDE81C,0
2ED3E2CD,0
680FD3E0,0
3902B9A9,0
CD5A7CC7,0
F866FB1F,0
B25B3FFF,0
C9C259F2,0
59E7187E,0
26EA9113,0
C12A66CC,0
C544E755,0
381F9FE7,0
26EEF308,0
BB2802EB,0
33433F1A,0
7DEF1FED,0
6AA4CA4B,0
F295BFAD,0
F88C8E52,0
FEFDD2DF,0
BD134DDC,0
4BBFB15A,0
56CFE9E0,0
D99C2242,0
BDDEDF03,0
F6BE61E6,0
6F5AD874,0
CEC0C7D6,0
23E14F93,0
DAECAE5B,0
FEB58EFE,0
72162522,0
BE7FF46E,0
949685CA,0
25F1114F,0
B3BFF5C2,0
2A13C343,0
91A664A4,0
4E1AB8E1,0
33285E1A,0
CE563E6C,0
1E3D8F18,0
72BDA2DC,0
1C3727F5,0
D57209CC,0
8D8C8B98,0
24A63866,0
0974F447,0
33F76303,0
43164121,0
44490C74,0
3BB5C76B,0
91243DD1,0
4E0C4FC7,0
60400D06,0
40145185,0
19E4EB9B,0
B88F0436,0
9E4BBB79,0
CF04E57C,0
0150ECD2,0
72D2C674,0
2C562D35,0
7ED7C57E,0
73A3EEA7,0
1023ECE5,0
6C2B90A9,0
5CEE3F30,0
BEFF2CF7,0
13316287,0
2E279199,0
76056AFA,0
0290B450,0
DB3A996E,0
A9342208,0
66EF2AC8,0
D7ACBD5C,0
1E85461E,0
E439A796,0
CA30E8E7,0
D969D911,0
E30B2A2B,0
D8B39348,0
703EB496,0
50E6AE59,0
E3A333E6,0
81F1C311,0
A47BACAE,0
1D068FFD,0
039F845F,0
730D22B7,0
96FD4635,0
EBCCBF4B,0
705793E3,0
01FF4175,0
13E5DFBA,0
05DB6B38,0
7B530FA3,0
D9FFE2DD,0
94F11062,0
2F8F2FEF,0
8B7A1EE5,0
23DF2894,0
746A9A7C,0
A3A04792,0
AA7BE7BE,0
503FD363,0
58E4849F,0
5289C5B9,0
FA7222A2,0
28442335,0
9BD9FD9D,0
AE8022E0,0
AEEC616E,0
2D6399DD,0
C6D18BD4,0
F229D6B2,0
C9E9ADA2,0
8D9F9DDF,0
3273C2C3,0
7D2A8A80,0
F3FAEB93,0
82088D82,0
E3A11EAE,0
F2D75551,0
BE3C7AE2,0
F4694496,0
96670635,0
F4328AB8,0
A6A49AC9,0
50605526,0
8CF58B69,0
4754C3FA,0
05BCB81F,0
2F22F461,0
7F775D82,0
E66AFB6B,0
49344DD2,0
31FB9CED,0
272B3D44,0
1243870E,0
7EC6FCC6,0
CF7137C3,0
495FA09B,0
AD8F2AA7,0
B4F0D7BA,0
CCEECE14,0
6BB9A9B9,0
DFC36CE6,0
64691462,0
10886177,0
1A7B9031,0
2D379070,0
DB71D5C8,0
5B373F12,0
74848876,0
78A1215A,0
95D70FED,0
6668485D,0
3842F4F9,0
A7A3A407,0
BF5B3958,0
842889F4,0
0E2DEED8,0
083C3382,0
0100F9F0,0
7A7AF173,0
D3D41DAA,0
12D30C33,0
5154CF57,0
637D6F63,0
51BC1F47,0
701714A9,0
3505BBA7,0
03EC128D,0
BA890757,0
3EC55628,0
093ECF01,0
62B9E972,0
9DD6BB7C,0
81D91610,0
0A2AFAA0,0
D8D8CAC2,0
1CF0CF54,0
D908C538,0
9A1007CA,0
5D338D79,0
7E733E7C,0
83FFD273,0
D06AE1A3,0
73EFF31B,0
87082B31,0
A086CAE3,0
6DF724F6,0
2591C2B9,0
8994F13F,0
6724A201,0
5B7B7722,0
E4151674,0
900490C4,0
072D2143,0
F22027DF,0
5D0DD720,0
F055BE95,0
EE7BEBB5,0
A5ACC796,0
F86F8F2B,0
CB518BCE,0
EEE04B47,0
9B395B9B,0
B01510F4,0
9F093B29,0
123B3021,0
ACC92CDC,0
9EDC2CC8,0
F1EA9CCF,0
D7CC99CB,0
9C823A44,0
046399D2,0
C823C2F0,0
BDD15994,0
688DC886,0
460B5465,0
DC562AC4,0
756F4A7A,0
24BE8DE6,0
F51FE23C,0
FF87B22B,0
08CC758D,0
B9BB1778,0
C5FB1D85,0
28961090,0
F8AC9A1C,0
3566C0D6,0
27722222,0
34F72BF4,0
E4FE4D88,0
7BEBF154,0
49E6EFE6,0
C887C8C5,0
D53B565C,0
DDE1F90D,0
5977EA7A,0
2F85E510,0
1B100299,0
5AD3D1CA,0
B5330B0D,0
9C1FF1E0,0
F9FD9E42,0
68D16F10,0
58A03901,0
9A214576,0
CC515221,0
5F7E376A,0
EFA972FE,0
7F8F4028,0
003133E0,0
1A4431E3,0
BEAD577B,0
8068D634,0
094F11EA,0
8BCC6C47,0
EF569768,0
AA4C2155,0
893A3518,0
83ED1193,0
0F22FBFD,0
05AF4317,0
C3ABFE48,0
875D6E89,0
744202B2,0
1CDC89A3,0
2441DE02,0
4FB22A03,0
3F2B9E0B,0
F8658FD8,0
C8A817A1,0
62313B17,0
30295400,0
808473AA,0
D73593BC,0
0777C16A,0
4251E177,0
7B54C6CB,0
21646194,0
3C229A49,0
3EEB4E97,0
524CF12A,0
CBFEA82B,0
2FF3726D,0
3F47A03D,0
7E86EDC6,0
050CCCC6,0
A115BE55,0
97CD396A,0
DDFADED3,0
75F48929,0
0FE500EB,0
FA15CB93,0
23C7A912,0
FF6618EE,0
141A21BA,0
79A95199,0
F30E0094,0
EEB6E9BC,0
388EA999,0
4387096D,0
FD14A39F,0
6D8AD311,0
83DD8CA5,0
33D5DF61,0
495551D7,0
B44BD341,0
BD7F4C1F,0
8ED8A62D,0
B153F550,0
A77E6FF4,0
9CC639F3,0
44B5252E,0
380AD0D0,0
FFE505ED,0
B61F2F16,0
505F1852,0
32AA7226,0
0663D63A,0
41FBBFBB,0
D246CDB9,0
A6DFAF14,0
7BF67CAA,0
244F29FF,0
B21678C1,0
1497F819,0
D3550095,0
F9057988,0
6F44FA07,0
6655E745,0
1331BD73,0
13859259,0
1EC7C006,0
34FF0E3D,0
54D5C1A7,0
6C47D046,0
6B49B295,0
825E7CDC,0
B4E35F5B,0
38CAC10F,0
0163F13A,0
4589221A,0
86B385A2,0
ED0D47A0,0
DFB6B5FB,0
030009E9,0
F57CE052,0
776CDC71,0
7AEE582F,0
EF4CCD1D,0
EECE5EF8,0
E16B3E2B,0
3A9F4880,0
60082758,0
779C6706,0
30B94B96,0
939AED95,0
4D15D9EA,0
18FD8CC8,0
C3979910,0
0B2A02B5,0
622B0320,0
E7805711,0
B07CDA22,0
E337EC6E,0
9A77A9B8,0
EB29BD20,0
B2AEEEE6,0
0A6007B0,0
5548A54E,0
4F5877E8,0
8A83F867,0
1B69AEC6,0
77F6766C,0
225F62A3,0
E52D3A14,0
9C0AC329,0
02945DD5,0
028D1BF5,0
26C6506E,0
5E383D7C,0
F5E803F5,0
550FFE1A,0
4564EED1,0
9E645077,0
F8F737BE,0
92903DCC,0
42E4F455,0
BA71412D,0
3B7875A3,0
6B2A2226,0
01108C10,0
BF6E69CB,0
0BDD1603,0
FF6BBB10,0
D0D3F069,0
22C40508,0
9CD59193,0
B8540533,0
22F10265,0
4AE585F9,0
F80E1E40,0
55745707,0
29C45EFF,0
F8F23BF7,0
0DE8EA78,0
B5AAA51C,0
7AD21B12,0
05529035,0
02753B97,0
E133EDEE,0
403E948B,0
E2621697,0
EA28A5EE,0
51F881CC,0
A6F42251,0
EE3B4ADD,0
57BF8293,0
407A9A72,0
2813D83F,0
F8578FE5,0
A7679F59,0
8D088D99,0
C09CE140,0
531A0FE5,0
98876CBB,0
5A33697A,0
7806D205,0
2BA1A661,0
11FE74EE,0
BB06E9CB,0
4D7FF26F,0
46EAFC88,0
66C29172,0
B1A68AD7,0
BA668A5F,0
DB88D853,0
044B04D4,0
82D222D0,0
E034D683,0
377BE989,0
AE31E073,0
06A04000,0
7962B6FB,0
D0EDEA90,0
671C36B5,0
D4D84198,0
24E9611B,0
2BEC7D42,0
89899544,0
21899AC5,0
FF043135,0
E63DC734,0
3ECB4E9F,0
0BF6A73A,0
94082CE5,0
778977EE,0
2E9D0095,0
5F8012C7,0
83BBBB91,0
6A577125,0
CC28A80C,0
4BCFD004,0
6261A21F,0
E99B5A83,0
6A2A8BE9,0
00C545BB,0
841A4D6A,0
96659F91,0
6F22F2A2,0
3CB97B6B,0
2540434E,0
E5D44624,0
BC6441BF,0
8860C12C,0
EBA9925B,0
0D60A66B,0
0FB00F17,0
CD6829FD,0
2F2726F6,0
6E7A17CB,0
99E0CF82,0
57529C6F,0
25AA532C,0
45155378,0
22FE43E3,0
C64A373A,0
B949BDB5,0
686D3AD2,0
FC56ACDB,0
E5830D13,0
6E813132,0
ABAA8940,0
83A69030,0
00885476,0
2C42965B,0
E4100017,0
9A339500,0
BD4D7B85,0
00C475FB,0
23325F81,0
6E92DBE0,0
55B1BB66,0
78089FA9,0
172717B1,0
5AB058AA,0
7A13D7A4,0
C6AF8E46,0
72CC3C02,0
6D339E8A,0
680BCCBC,0
72B02953,0
6E3C4F47,0
5314BCDC,0
4CB8EEBF,0
E6EE3CEE,0
0DA69396,0
E0322B0E,0
1B3C8BA6,0
F4555005,0
BD0999A5,0
E6774E66,0
8671157A,0
CA4139AA,0
1B6B62D6,0
AB7091B1,0
C1AB108D,0
B00B450B,0
A730884E,0
29080DE6,0
52506E1C,0
903B80A7,0
A012EDB4,0
207515BE,0
DBDB3D37,0
DD3DC311,0
BAB991A5,0
34CD71CC,0
A7695F5E,0
0F1F0874,0
7A6A8AB5,0
83730393,0
D9930ABD,0
D81C4FDA,0
65EB8216,0
A4E7265E,0
86C7990C,0
81662D18,0
E9C4C3D3,0
1E511177,0
244254B3,0
16507455,0
51BA7001,0
ACAD1470,0
8111D4DA,0
2EB3DA0C,0
DD20BB11,0
04A9B989,0
1361F3AA,0
7F124DE2,0
87B39033,0
426F82F5,0
7730AF87,0
286C5365,0
9A39A9AF,0
FB4474C7,0
F06E639C,0
04EFC20A,0
56A5A992,0
22CB61BE,0
FF8DD77D,0
54C9A37A,0
F919F784,0
5C9C82B2,0
7ABF2E2C,0
0399E6BC,0
CFF44BE3,0
D56B8EEE,0
F66A6BCB,0
66611054,0
C97937B7,0
86547857,0
55C4228B,0
9E156EFF,0
9F29FCBB,0
1501183B,0
0567D29A,0
ECDC7448,0
6E8954E1,0
76E0554F,0
8FD3E475,0
E220DDA3,0
772F7AA8,0
5812801D,0
93B110E0,0
58F5C574,0
9EE623E1,0
522E6ECE,0
7F6D00A7,0
4F059084,0
E2BB318C,0
55D745A5,0
733F5234,0
EC477866,0
8EEC9EA9,0
AAEDAFDB,0
5A3774BB,0
B1246C25,0
0F5C5F11,0
5AD6DCE8,0
61AF72DC,0
F92819ED,0
81B1402A,0
B666DE83,0
E4B7E022,0
9DEFBF8A,0
EB5DD0F1,0
14EE313A,0
01DCAB91,0
BADD09DF,0
0F088D8F,0
2AC50434,0
0BC5270D,0
ED5FD8D7,0
48347043,0
019AC95A,0
68F95101,0
A2320D3A,0
37737E7A,0
43442749,0
61B9C585,0
529A54A6,0
D3346FD6,0
B8985AC3,0
FA696F60,0
EAEEAC31,0
B3BAA2E4,0
0249BC45,0
7FE2A8AF,0
44650940,0
3770294A,0
1533DF56,0
1FFD2F7C,0
F75656BB,0
2018550E,0
B099D089,0
6F5FBC70,0
65E7017F,0
9C0EA265,0
1C7F6539,0
E5BDB04B,0
2FBD1BAB,0
008E9000,0
78A84C5A,0
95EE2F71,0
AA5CA54A,0
240F6211,0
DFA3EEAA,0
7249FBDD,0
47AE5313,0
2066DAB9,0
99A834FB,0
F9EAA1B5,0
7878642A,0
46ABEB6C,0
F34A44B2,0
77617757,0
8DFA044D,0
271AAC71,0
A52592F0,0
7B5E05E7,0
E24A220D,0
85184B8A,0
ADAA23E2,0
B26FF580,0
DFDB418E,0
59999DF0,0
C7A2CF17,0
483473EE,0
93AAE479,0
32848452,0
FF1BFB33,0
4DD3DE4E,0
A49EBC79,0
5C75D04F,0
44C35C03,0
B8E59A88,0
3852CCCC,0
A5092215,0
893E1EE6,0
56858524,0
616E5396,0
74170273,0
3316011E,0
CCAEEC1E,0
1233F513,0
0BC07B26,0
646905DB,0
1FF92FED,0
2B0BAD0D,0
63ACF088,0
0C9935CA,0
7B040C39,0
B762875E,0
CFC44225,0
9FE7FC53,0
C8BB9F24,0
E5FE13AE,0
918E800E,0
2B12B97C,0
A0E8E80E,0
3B6B2696,0
2467CAAE,0
037C343D,0
51997D79,0
347E3474,0
3B372523,0
24D6DB2A,0
9F114999,0
BD0768F6,0
3CF42E42,0
6EECD316,0
A72A69C7,0
A22AF0ED,0
7304026E,0
CD67A8C7,0
3E2F7A3F,0
7CD87CC1,0
79FAEE42,0
A10A859D,0
A69161EA,0
478C1AA6,0
2B37D702,0
469B237C,0
79D2D469,0
8ABA3A50,0
1B6B9A30,0
E6F564C3,0
59B2E1DD,0
F9BB7349,0
853542CE,0
2CE78E78,0
FBFD616A,0
03FBB3E4,0
B1D4AAFD,0
48207C18,0
3FCCDEFC,0
929D079D,0
3EDE5914,0
283141D6,0
EE9EB0B2,0
88C13552,0
E8CFD1FC,0
A7079B53,0
80778783,0
6EE57633,0
934E35EE,0
8266337E,0
46EE5E1C,0
35C0F6B4,0
618B30B6,0
4F38D81E,0
F1B44C59,0
88E21AA8,0
7D347959,0
A0309E57,0
5670311B,0
8ADD4AE2,0
970F7519,0
6533ADAD,0
1E88E8AA,0
86881A38,0
6EAAAF2D,0
F1AE1D0A,0
7E16B0B4,0
BB1AFD1F,0
9D077349,0
687A2070,0
9FF11A8A,0
9C38CD68,0
FA384E8D,0
77B9792B,0
8B0122E7,0
37E45F50,0
5407F8F7,0
208CE83C,0
2F8F90E3,0
C10AC11F,0
78432975,0
28662878,0
CCA5077B,0
12817515,0
DA8A0EBA,0
7FC7E767,0
DBCD63AC,0
8D30F929,0
35009339,0
3E2DD7A8,0
FDBCFF3E,0
F155E35E,0
2B9D8FFF,0
7D81A8AC,0
3532803B,0
596261D3,0
30421114,0
03AC5598,0
17BC7594,0
E792225E,0
CABBCF88,0
07A1B7D4,0
57759961,0
9388D863,0
779CCA5F,0
34CA4E71,0
D611E19B,0
5351F7FC,0
A35727EA,0
3DD37847,0
67488040,0
1CAEC7B5,0
C49820E8,0
276627DB,0
18CA96DD,0
BC1632A4,0
5E15C23C,0
3F353F41,0
59CBECAB,0
C363EA59,0
689116C8,0
2BEBEBBB,0
5444049A,0
A7122F8A,0
5E923335,0
84CF4558,0
EE916C42,0
26E6E304,0
29B211D3,0
E3545384,0
43F77577,0
FD49FAFD,0
F539F4CB,0
E6EE38E0,0
C3DBDD78,0
A6D5AC46,0
299A3A6F,0
DC7236D3,0
8A459EA7,0
4BBB7847,0
F740B0A0,0
8F68E71F,0
999F6D1F,0
0B3BD910,0
BB92A9E1,0
3CB3BE86,0
8D6DED36,0
0C940309,0
F7C7FA05,0
F75F8588,0
952974F3,0
10413638,0
3AA3460B,0
81506168,0
144CDC3C,0
D1818DBB,0
5B229E75,0
DEA5FAF1,0
57B4B616,0
5D990CEC,0
6903BCB4,0
56554B2B,0
7313AE0F,0
51CD515A,0
989F7CDB,0
84571DB9,0
9F50476C,0
1828D20D,0
B74BA157,0
C09529A6,0
4AD058C6,0
A7772D44,0
5A537607,0
B1B77DC7,0
6CF546CC,0
A4088A8D,0
8C07B835,0
836CB9BA,0
8F0CB6AC,0
AB4936DA,0
4D035835,0
31D5ED6A,0
7918231E,0
3FF0A938,0
52B58B49,0
CDD1D4C3,0
23EAAABE,0
747DB3D7,0
DAB2F52B,0
CC20F141,0
FEFFBFD9,0
8C621287,0
0D52A2D2,0
D3F549CE,0
E5E44444,0
00A55BE1,0
62551575,0
D53C0118,0
AF310951,0
30942D66,0
C95FA819,0
CADF2E82,0
951ED8E7,0
5B755761,0
BAA724BB,0
81A8FFA6,0
4C30E2C4,0
BE290960,0
464C22F8,0
F0341FA6,0
ED6BEE16,0
791C6EF4,0
B7A10B4B,0
C7EBD9B9,0
187DB093,0
6C1B4DD5,0
ED9043A3,0
96C6A0CF,0
E9841101,0
3585558B,0
0F048B13,0
646A7941,0
3BAC47A1,0
843BF575,0
C8E4B43D,0
47AD4EC1,0
B18B3A11,0
95154411,0
71DA37AD,0
C2439E9D,0
D49D0F4C,0
C347D555,0
B684BBBB,0
5348F032,0
107132DC,0
49A3CA2E,0
12472899,0
1DB691E7,0
E6EBE36C,0
555C39D8,0
220FE761,0
DE233E5D,0
0C670F33,0
0C90CB14,0
A07ACA9F,0
EB46FEB0,0
038C47A3,0
464B5D44,0
07047DB7,0
DECCAFB5,0
94976BB7,0
3EAABA37,0
553AEBAE,0
21EF4748,0
33333476,0
6E66C6D8,0
C305309D,0
46424E42,0
E6F9CCBE,0
EBAF5D5E,0
71FC341C,0
4232A894,0
93EC9233,0
DC81D0FB,0
D4678C6E,0
3DD84380,0
34068ADA,0
A37601FA,0
85E98E5C,0
42A8E6B6,0
0A6F49FA,0
4A4BA5B0,0
EC12224C,0
D111875C,0
F0C2EFDC,0
912159E9,0
60790082,0
5BAF7971,0
AFD00AAA,0
7A571130,0
7E15AA51,0
E1DC5401,0
A890F886,0
A63684A3,0
7DAB6A66,0
069004D4,0
000900C5,0
8B8FB372,0
6EFE39AF,0
577AAD9F,0
65DF7F5B,0
537C1336,0
17304E5C,0
9FC042E6,0
DA2BFD2B,0
F4B7BCCB,0
811721AE,0
C3466841,0
355336D1,0
665AA628,0
544A0743,0
C1E43A36,0
45DE3982,0
87526CFE,0
7E877717,0
B7AE1F84,0
A8810D88,0
25FF5951,0
E2581888,0
51A6BBB6,0
A530E4A7,0
F19F4277,0
2FE56CC7,0
3D04B6D0,0
9684878C,0
0A0CE382,0
618646BB,0
520237BD,0
E505B749,0
5FA68256,0
AE802B61,0
821A401E,0
052675F5,0
0BBC5B0B,0
B27F2DA3,0
1576F516,0
01D7A88D,0
D3843A59,0
96ADEDAD,0
FDF0D0E5,0
D16FFF5C,0
685DC6C2,0
FECEFCE3,0
D07DD548,0
F2DD0824,0
1D6AEF41,0
9E4F469E,0
2EB478EB,0
421F5AAE,0
724B338A,0
14B8FB6B,0
1B93F3EF,0
1165211B,0
86688D66,0
E6E30436,0
A6B2BEB7,0
57CCDD78,0
3FB036AD,0
9BEE35B2,0
B43A4BA2,0
3ECD3396,0
DC6D7A58,0
6B9BE495,0
CEDB6F8B,0
DAC5E676,0
58552C1C,0
FFF95B55,0
3138A3F6,0
C0018C53,0
BDE8DDD4,0
93EC5DAB,0
AF311621,0
484866B6,0
573B88B7,0
54A48EBE,0
F4D3CA66,0
74733751,0
E5540345,0
11F4904B,0
8B278A22,0
4DAB187D,0
8FB80FFA,0
185F5C2E,0
01C6D52E,0
2C3EC544,0
BE94344E,0
13EE3D38,0
B34A160A,0
FC27C07F,0
6CBFF05E,0
A57CB57A,0
FA7221F8,0
A0220E1B,0
A83A8CA7,0
AE833B77,0
3768BAE7,0
E9A909E6,0
5AF2A2AA,0
0A093E45,0
0BE97870,0
E8B4DCB5,0
476D24B8,0
FCED4EF1,0
B46F4BAB,0
8CA93726,0
B4DA1CA2,0
A55F9E9A,0
15D57DB2,0
CE713C60,0
75D6A58B,0
FE830EEF,0
FF5C7A1A,0
B0B94C98,0
39EFEDED,0
A466A9AA,0
BDF01DC4,0
E00B9FF6,0
839ECCE2,0
B392BB67,0
E7993B69,0
7965EE21,0
740B6A10,0
E3B4F313,0
0C63AA50,0
A981A773,0
CEBF6BC4,0
E6B9C6FC,0
71DDB30A,0
26C0C713,0
B5C31229,0
BE2B7370,0
56691494,0
4090F902,0
5665B6BD,0
2BA0B6CB,0
E140E4B0,0
4C8FAB2D,0
8A986E6F,0
BB51FE7B,0
95D0E26B,0
1E1860C6,0
5716015B,0
7291ABAA,0
95CD99E4,0
E880FE7C,0
8A2FAF0F,0
52C1D7C8,0
3143AAF3,0
50998173,0
5DA101CC,0
EC10FCEB,0
2BB013FF,0
349F9F4F,0
D8FD1DD4,0
D1341373,0
E1CAA749,0
D9BFCABD,0
D22201D5,0
8E6367AE,0
81A31EBB,0
B6771298,0
8E3FA8EB,0